,estado,date,new_confirmed,new_deceased,new_recovered,cumulative_confirmed,cumulative_deceased,cumulative_recovered
18920,Aichi,2020-05-09,3.0,,,3.0,34.0,
18921,Aichi,2020-05-10,0.0,0.0,,3.0,34.0,
18922,Aichi,2020-05-11,1.0,0.0,,4.0,34.0,
18923,Aichi,2020-05-12,1.0,0.0,,5.0,34.0,
18924,Aichi,2020-05-13,1.0,0.0,,6.0,34.0,
18925,Aichi,2020-05-14,2.0,0.0,,8.0,34.0,
18926,Aichi,2020-05-15,1.0,0.0,,9.0,34.0,
18927,Aichi,2020-05-16,2.0,0.0,,11.0,34.0,
18928,Aichi,2020-05-17,0.0,0.0,,11.0,34.0,
18929,Aichi,2020-05-18,0.0,0.0,,11.0,34.0,
18930,Aichi,2020-05-19,0.0,0.0,,11.0,34.0,
18931,Aichi,2020-05-20,0.0,0.0,,11.0,34.0,
18932,Aichi,2020-05-21,0.0,0.0,,11.0,34.0,
18933,Aichi,2020-05-22,0.0,0.0,,11.0,34.0,
18934,Aichi,2020-05-23,1.0,0.0,,12.0,34.0,
18935,Aichi,2020-05-24,0.0,0.0,,12.0,34.0,
18936,Aichi,2020-05-25,0.0,0.0,,12.0,34.0,
18937,Aichi,2020-05-26,0.0,0.0,,12.0,34.0,
18938,Aichi,2020-05-27,0.0,0.0,,12.0,34.0,
18939,Aichi,2020-05-28,0.0,0.0,,12.0,34.0,
18940,Aichi,2020-05-29,0.0,0.0,,12.0,34.0,
18941,Aichi,2020-05-30,1.0,0.0,,13.0,34.0,
18942,Aichi,2020-05-31,0.0,0.0,,13.0,34.0,
18943,Aichi,2020-06-01,0.0,0.0,,13.0,34.0,
18944,Aichi,2020-06-02,1.0,0.0,,14.0,34.0,
18945,Aichi,2020-06-03,0.0,0.0,,14.0,34.0,
18946,Aichi,2020-06-04,0.0,0.0,,14.0,34.0,
18947,Aichi,2020-06-05,1.0,0.0,,15.0,34.0,
18948,Aichi,2020-06-06,0.0,0.0,,15.0,34.0,
18949,Aichi,2020-06-07,1.0,0.0,,16.0,34.0,
18950,Aichi,2020-06-08,0.0,0.0,,16.0,34.0,
18951,Aichi,2020-06-09,0.0,0.0,,16.0,34.0,
18952,Aichi,2020-06-10,2.0,0.0,,18.0,34.0,
18953,Aichi,2020-06-11,0.0,0.0,,18.0,34.0,
18954,Aichi,2020-06-12,2.0,0.0,,20.0,34.0,
18955,Aichi,2020-06-13,1.0,0.0,,21.0,34.0,
18956,Aichi,2020-06-14,0.0,0.0,,21.0,34.0,
18957,Aichi,2020-06-15,1.0,0.0,,22.0,34.0,
18958,Aichi,2020-06-16,1.0,0.0,,23.0,34.0,
18959,Aichi,2020-06-17,3.0,0.0,,26.0,34.0,
18960,Aichi,2020-06-18,0.0,0.0,,26.0,34.0,
18961,Aichi,2020-06-19,1.0,0.0,,27.0,34.0,
18962,Aichi,2020-06-20,1.0,0.0,,28.0,34.0,
18963,Aichi,2020-06-21,0.0,0.0,,28.0,34.0,
18964,Aichi,2020-06-22,0.0,0.0,,28.0,34.0,
18965,Aichi,2020-06-23,0.0,0.0,,28.0,34.0,
18966,Aichi,2020-06-24,0.0,0.0,,28.0,34.0,
18967,Aichi,2020-06-25,0.0,0.0,,28.0,34.0,
18968,Aichi,2020-06-26,0.0,0.0,,28.0,34.0,
18969,Aichi,2020-06-27,0.0,0.0,,28.0,34.0,
18970,Aichi,2020-06-28,0.0,0.0,,28.0,34.0,
18971,Aichi,2020-06-29,1.0,0.0,,29.0,34.0,
18972,Aichi,2020-06-30,1.0,0.0,,30.0,34.0,
18973,Aichi,2020-07-01,0.0,0.0,,30.0,34.0,
18974,Aichi,2020-07-02,0.0,0.0,,30.0,34.0,
18975,Aichi,2020-07-03,0.0,0.0,,30.0,34.0,
18976,Aichi,2020-07-04,0.0,0.0,,30.0,34.0,
18977,Aichi,2020-07-05,0.0,0.0,,30.0,34.0,
18978,Aichi,2020-07-06,2.0,0.0,,32.0,34.0,
18979,Aichi,2020-07-07,0.0,0.0,,32.0,34.0,
18980,Aichi,2020-07-08,2.0,0.0,,34.0,34.0,
18981,Aichi,2020-07-09,0.0,0.0,,34.0,34.0,
18982,Aichi,2020-07-10,0.0,0.0,,34.0,34.0,
18983,Aichi,2020-07-11,2.0,0.0,,36.0,34.0,
18984,Aichi,2020-07-12,0.0,0.0,,36.0,34.0,
18985,Aichi,2020-07-13,2.0,0.0,,38.0,34.0,
18986,Aichi,2020-07-14,5.0,0.0,,43.0,34.0,
18987,Aichi,2020-07-15,16.0,0.0,,59.0,34.0,
18988,Aichi,2020-07-16,21.0,0.0,,80.0,34.0,
18989,Aichi,2020-07-17,19.0,0.0,,99.0,34.0,
18990,Aichi,2020-07-18,24.0,0.0,,123.0,34.0,
18991,Aichi,2020-07-19,21.0,0.0,,144.0,34.0,
18992,Aichi,2020-07-20,21.0,0.0,,165.0,34.0,
18993,Aichi,2020-07-21,53.0,0.0,,218.0,34.0,
18994,Aichi,2020-07-22,64.0,1.0,,282.0,35.0,
18995,Aichi,2020-07-23,97.0,0.0,,379.0,35.0,
18996,Aichi,2020-07-24,63.0,0.0,,442.0,35.0,
18997,Aichi,2020-07-25,78.0,0.0,,520.0,35.0,
18998,Aichi,2020-07-26,84.0,0.0,,604.0,35.0,
18999,Aichi,2020-07-27,79.0,0.0,,683.0,35.0,
19000,Aichi,2020-07-28,113.0,0.0,,796.0,35.0,
19001,Aichi,2020-07-29,172.0,0.0,,968.0,35.0,
19002,Aichi,2020-07-30,168.0,0.0,,1136.0,35.0,
19003,Aichi,2020-07-31,199.0,0.0,,1335.0,35.0,
19004,Aichi,2020-08-01,181.0,0.0,,1516.0,35.0,
19005,Aichi,2020-08-02,161.0,0.0,,1677.0,35.0,
19006,Aichi,2020-08-03,131.0,0.0,,1808.0,35.0,
19007,Aichi,2020-08-04,128.0,0.0,,1936.0,35.0,
19008,Aichi,2020-08-05,150.0,0.0,,2086.0,35.0,
19009,Aichi,2020-08-06,142.0,2.0,,2228.0,37.0,
19010,Aichi,2020-08-07,159.0,0.0,,2387.0,37.0,
19011,Aichi,2020-08-08,180.0,0.0,,2567.0,37.0,
19012,Aichi,2020-08-09,130.0,0.0,,2697.0,37.0,
19013,Aichi,2020-08-10,101.0,0.0,,2798.0,37.0,
19014,Aichi,2020-08-11,67.0,0.0,,2865.0,37.0,
19015,Aichi,2020-08-12,86.0,0.0,,2951.0,37.0,
19016,Aichi,2020-08-13,110.0,1.0,,3061.0,38.0,
19017,Aichi,2020-08-14,88.0,1.0,,3149.0,39.0,
19018,Aichi,2020-08-15,72.0,0.0,,3221.0,39.0,
19019,Aichi,2020-08-16,83.0,4.0,,3304.0,43.0,
19020,Aichi,2020-08-17,43.0,1.0,,3347.0,44.0,
19021,Aichi,2020-08-18,57.0,1.0,,3404.0,45.0,
19022,Aichi,2020-08-19,57.0,1.0,,3461.0,46.0,
19023,Aichi,2020-08-20,82.0,2.0,,3543.0,48.0,
19024,Aichi,2020-08-21,90.0,1.0,,3633.0,49.0,
19025,Aichi,2020-08-22,70.0,3.0,,3703.0,52.0,
19026,Aichi,2020-08-23,50.0,2.0,,3753.0,54.0,
19027,Aichi,2020-08-24,43.0,3.0,,3796.0,57.0,
19028,Aichi,2020-08-25,43.0,0.0,,3839.0,57.0,
19029,Aichi,2020-08-26,50.0,1.0,,3889.0,58.0,
19030,Aichi,2020-08-27,39.0,0.0,,3928.0,58.0,
19031,Aichi,2020-08-28,51.0,2.0,,3979.0,60.0,
19032,Aichi,2020-08-29,45.0,1.0,,4024.0,61.0,
19033,Aichi,2020-08-30,36.0,3.0,,4060.0,64.0,
19034,Aichi,2020-08-31,42.0,1.0,,4102.0,65.0,
19035,Aichi,2020-09-01,24.0,0.0,,4126.0,65.0,
19036,Aichi,2020-09-02,28.0,3.0,,4154.0,68.0,
19037,Aichi,2020-09-03,18.0,3.0,,4172.0,71.0,
19038,Aichi,2020-09-04,33.0,1.0,,4205.0,72.0,
19039,Aichi,2020-09-05,34.0,1.0,,4239.0,73.0,
19040,Aichi,2020-09-06,27.0,0.0,,4266.0,73.0,
19041,Aichi,2020-09-07,21.0,1.0,,4287.0,74.0,
19042,Aichi,2020-09-08,12.0,0.0,,4299.0,74.0,
19043,Aichi,2020-09-09,21.0,0.0,,4320.0,74.0,
19044,Aichi,2020-09-10,36.0,0.0,,4356.0,74.0,
19045,Aichi,2020-09-11,48.0,0.0,,4404.0,74.0,
19046,Aichi,2020-09-12,29.0,1.0,,4433.0,75.0,
19047,Aichi,2020-09-13,33.0,0.0,,4466.0,75.0,
19048,Aichi,2020-09-14,23.0,1.0,,4489.0,76.0,
19049,Aichi,2020-09-15,21.0,0.0,,4510.0,76.0,
19050,Aichi,2020-09-16,22.0,1.0,,4532.0,77.0,
19051,Aichi,2020-09-17,36.0,0.0,,4568.0,77.0,
19052,Aichi,2020-09-18,40.0,0.0,,4608.0,77.0,
19053,Aichi,2020-09-19,31.0,1.0,,4639.0,78.0,
19054,Aichi,2020-09-20,33.0,1.0,,4672.0,79.0,
19055,Aichi,2020-09-21,19.0,2.0,,4691.0,81.0,
19056,Aichi,2020-09-22,9.0,0.0,,4700.0,81.0,
19057,Aichi,2020-09-23,14.0,0.0,,4714.0,81.0,
19058,Aichi,2020-09-24,34.0,2.0,,4748.0,83.0,
19059,Aichi,2020-09-25,38.0,0.0,,4786.0,83.0,
19060,Aichi,2020-09-26,24.0,0.0,,4810.0,83.0,
19061,Aichi,2020-09-27,49.0,0.0,,4859.0,83.0,
19062,Aichi,2020-09-28,19.0,0.0,,4878.0,83.0,
19063,Aichi,2020-09-29,28.0,0.0,,4906.0,83.0,
19064,Aichi,2020-09-30,26.0,1.0,,4932.0,84.0,
19065,Aichi,2020-10-01,21.0,2.0,,4953.0,86.0,
19066,Aichi,2020-10-02,19.0,0.0,,4972.0,86.0,
19067,Aichi,2020-10-03,16.0,0.0,,4988.0,86.0,
19068,Aichi,2020-10-04,18.0,0.0,,5006.0,86.0,
19069,Aichi,2020-10-05,12.0,0.0,,5018.0,86.0,
19070,Aichi,2020-10-06,14.0,0.0,,5032.0,86.0,
19071,Aichi,2020-10-07,15.0,3.0,,5047.0,89.0,
19072,Aichi,2020-10-08,15.0,0.0,,5062.0,89.0,
19073,Aichi,2020-10-09,11.0,0.0,,5073.0,89.0,
19074,Aichi,2020-10-10,21.0,0.0,,5094.0,89.0,
19075,Aichi,2020-10-11,14.0,1.0,,5108.0,90.0,
19076,Aichi,2020-10-12,18.0,1.0,,5126.0,91.0,
19077,Aichi,2020-10-13,24.0,0.0,,5150.0,91.0,
19078,Aichi,2020-10-14,15.0,0.0,,5165.0,91.0,
19079,Aichi,2020-10-15,19.0,0.0,,5184.0,91.0,
19080,Aichi,2020-10-16,21.0,0.0,,5205.0,91.0,
19081,Aichi,2020-10-17,28.0,0.0,,5233.0,91.0,
19082,Aichi,2020-10-18,21.0,0.0,,5254.0,91.0,
19083,Aichi,2020-10-19,15.0,0.0,,5269.0,91.0,
19084,Aichi,2020-10-20,13.0,0.0,,5282.0,91.0,
19085,Aichi,2020-10-21,36.0,0.0,,5318.0,91.0,
19086,Aichi,2020-10-22,19.0,0.0,,5337.0,91.0,
19087,Aichi,2020-10-23,43.0,1.0,,5380.0,92.0,
19088,Aichi,2020-10-24,42.0,0.0,,5422.0,92.0,
19089,Aichi,2020-10-25,16.0,0.0,,5438.0,92.0,
19090,Aichi,2020-10-26,37.0,0.0,,5475.0,92.0,
19091,Aichi,2020-10-27,35.0,0.0,,5510.0,92.0,
19092,Aichi,2020-10-28,51.0,0.0,,5561.0,92.0,
19093,Aichi,2020-10-29,87.0,2.0,,5648.0,94.0,
19094,Aichi,2020-10-30,51.0,0.0,,5699.0,94.0,
19095,Aichi,2020-10-31,97.0,1.0,,5796.0,95.0,
19096,Aichi,2020-11-01,48.0,1.0,,5844.0,96.0,
19097,Aichi,2020-11-02,44.0,0.0,,5888.0,96.0,
19098,Aichi,2020-11-03,85.0,0.0,,5973.0,96.0,
19099,Aichi,2020-11-04,52.0,0.0,,6025.0,96.0,
19100,Aichi,2020-11-05,79.0,0.0,,6104.0,96.0,
19101,Aichi,2020-11-06,82.0,1.0,,6186.0,97.0,
19102,Aichi,2020-11-07,113.0,0.0,,6299.0,97.0,
19103,Aichi,2020-11-08,81.0,0.0,,6380.0,97.0,
19104,Aichi,2020-11-09,57.0,1.0,,6437.0,98.0,
19105,Aichi,2020-11-10,128.0,0.0,,6565.0,98.0,
19106,Aichi,2020-11-11,104.0,0.0,,6669.0,98.0,
19107,Aichi,2020-11-12,143.0,2.0,,6812.0,100.0,
19108,Aichi,2020-11-13,148.0,0.0,,6960.0,100.0,
19109,Aichi,2020-11-14,152.0,0.0,,7112.0,100.0,
19110,Aichi,2020-11-15,102.0,0.0,,7214.0,100.0,
19111,Aichi,2020-11-16,63.0,0.0,,7277.0,100.0,
19112,Aichi,2020-11-17,138.0,0.0,,7415.0,100.0,
19113,Aichi,2020-11-18,141.0,1.0,,7556.0,101.0,
19114,Aichi,2020-11-19,219.0,2.0,,7775.0,103.0,
19115,Aichi,2020-11-20,202.0,1.0,,7977.0,104.0,
19116,Aichi,2020-11-21,211.0,0.0,,8188.0,104.0,
19117,Aichi,2020-11-22,144.0,1.0,,8332.0,105.0,
19118,Aichi,2020-11-23,95.0,1.0,,8427.0,106.0,
19119,Aichi,2020-11-24,110.0,3.0,,8537.0,109.0,
19120,Aichi,2020-11-25,177.0,1.0,,8714.0,110.0,
19121,Aichi,2020-11-26,198.0,3.0,,8912.0,113.0,
19122,Aichi,2020-11-27,234.0,0.0,,9146.0,113.0,
19123,Aichi,2020-11-28,217.0,2.0,,9363.0,115.0,
19124,Aichi,2020-11-29,155.0,0.0,,9518.0,115.0,
19125,Aichi,2020-11-30,108.0,4.0,,9626.0,119.0,
19126,Aichi,2020-12-01,197.0,0.0,,9823.0,119.0,
19127,Aichi,2020-12-02,219.0,2.0,,10042.0,121.0,
19128,Aichi,2020-12-03,195.0,1.0,,10237.0,122.0,
19129,Aichi,2020-12-04,215.0,1.0,,10452.0,123.0,
19130,Aichi,2020-12-05,219.0,4.0,,10671.0,127.0,
19131,Aichi,2020-12-06,170.0,2.0,,10841.0,129.0,
19132,Aichi,2020-12-07,111.0,3.0,,10952.0,132.0,
19133,Aichi,2020-12-08,199.0,2.0,,11151.0,134.0,
19134,Aichi,2020-12-09,245.0,4.0,,11396.0,138.0,
19135,Aichi,2020-12-10,242.0,0.0,,11638.0,138.0,
19136,Aichi,2020-12-11,196.0,2.0,,11834.0,140.0,
19137,Aichi,2020-12-12,206.0,2.0,,12040.0,142.0,
19138,Aichi,2020-12-13,181.0,1.0,,12221.0,143.0,
19139,Aichi,2020-12-14,114.0,1.0,,12335.0,144.0,
19140,Aichi,2020-12-15,216.0,1.0,,12551.0,145.0,
19141,Aichi,2020-12-16,248.0,2.0,,12799.0,147.0,
19142,Aichi,2020-12-17,238.0,3.0,,13037.0,150.0,
19143,Aichi,2020-12-18,219.0,2.0,,13256.0,152.0,
19144,Aichi,2020-12-19,300.0,4.0,,13556.0,156.0,
19145,Aichi,2020-12-20,90.0,2.0,,13646.0,158.0,
19146,Aichi,2020-12-21,92.0,5.0,,13738.0,163.0,
19147,Aichi,2020-12-22,190.0,5.0,,13928.0,168.0,
19148,Aichi,2020-12-23,239.0,6.0,,14167.0,174.0,
19149,Aichi,2020-12-24,270.0,3.0,,14437.0,177.0,
19150,Aichi,2020-12-25,265.0,8.0,,14702.0,185.0,
19151,Aichi,2020-12-26,265.0,3.0,,14967.0,188.0,
19152,Aichi,2020-12-27,216.0,6.0,,15183.0,194.0,
19153,Aichi,2020-12-28,122.0,1.0,,15305.0,195.0,
19154,Aichi,2020-12-29,235.0,7.0,,15540.0,202.0,
19155,Aichi,2020-12-30,294.0,4.0,,15834.0,206.0,
19156,Aichi,2020-12-31,239.0,3.0,,16073.0,209.0,
19157,Aichi,2021-01-01,193.0,5.0,,16266.0,214.0,
19158,Aichi,2021-01-02,158.0,2.0,,16424.0,216.0,
19159,Aichi,2021-01-03,185.0,5.0,,16609.0,221.0,
19160,Aichi,2021-01-04,152.0,6.0,,16761.0,227.0,
19161,Aichi,2021-01-05,273.0,5.0,,17034.0,232.0,
19162,Aichi,2021-01-06,364.0,7.0,,17398.0,239.0,
19163,Aichi,2021-01-07,431.0,9.0,,17829.0,248.0,
19164,Aichi,2021-01-08,405.0,8.0,,18234.0,256.0,
19165,Aichi,2021-01-09,362.0,7.0,,18596.0,263.0,
19166,Aichi,2021-01-10,343.0,3.0,,18939.0,266.0,
19167,Aichi,2021-01-11,198.0,9.0,,19137.0,275.0,
19168,Aichi,2021-01-12,132.0,4.0,,19269.0,279.0,
19169,Aichi,2021-01-13,319.0,9.0,,19588.0,288.0,
19170,Aichi,2021-01-14,312.0,9.0,,19900.0,297.0,
19171,Aichi,2021-01-15,352.0,8.0,,20252.0,305.0,
19172,Aichi,2021-01-16,323.0,11.0,,20575.0,316.0,
19173,Aichi,2021-01-17,218.0,1.0,,20793.0,317.0,
19174,Aichi,2021-01-18,151.0,6.0,,20944.0,323.0,
19175,Aichi,2021-01-19,246.0,7.0,,21190.0,330.0,
19176,Aichi,2021-01-20,246.0,7.0,,21436.0,337.0,
19177,Aichi,2021-01-21,270.0,4.0,,21706.0,341.0,
19178,Aichi,2021-01-22,246.0,8.0,,21952.0,349.0,
19179,Aichi,2021-01-23,246.0,5.0,,22198.0,354.0,
19180,Aichi,2021-01-24,164.0,4.0,,22362.0,358.0,
19181,Aichi,2021-01-25,89.0,6.0,,22451.0,364.0,
19182,Aichi,2021-01-26,215.0,4.0,,22666.0,368.0,
19183,Aichi,2021-01-27,227.0,7.0,,22893.0,375.0,
19184,Aichi,2021-01-28,244.0,4.0,,23137.0,379.0,
19185,Aichi,2021-01-29,164.0,9.0,,23301.0,388.0,
19186,Aichi,2021-01-30,126.0,6.0,,23427.0,394.0,
19187,Aichi,2021-01-31,121.0,2.0,,23548.0,396.0,
19188,Aichi,2021-02-01,80.0,4.0,,23628.0,400.0,
19189,Aichi,2021-02-02,101.0,5.0,,23729.0,405.0,
19190,Aichi,2021-02-03,114.0,5.0,,23843.0,410.0,
19191,Aichi,2021-02-04,101.0,10.0,,23944.0,420.0,
19192,Aichi,2021-02-05,86.0,9.0,,24030.0,429.0,
19193,Aichi,2021-02-06,120.0,7.0,,24150.0,436.0,
19194,Aichi,2021-02-07,72.0,7.0,,24222.0,443.0,
19195,Aichi,2021-02-08,43.0,7.0,,24265.0,450.0,
19196,Aichi,2021-02-09,84.0,0.0,,24349.0,450.0,
19197,Aichi,2021-02-10,114.0,10.0,,24463.0,460.0,
19198,Aichi,2021-02-11,80.0,5.0,,24543.0,465.0,
19199,Aichi,2021-02-12,53.0,5.0,,24596.0,470.0,
19200,Aichi,2021-02-13,59.0,1.0,,24655.0,471.0,
19201,Aichi,2021-02-14,76.0,4.0,,24731.0,475.0,
19202,Aichi,2021-02-15,42.0,3.0,,24773.0,478.0,
19203,Aichi,2021-02-16,63.0,4.0,,24836.0,482.0,
19204,Aichi,2021-02-17,81.0,5.0,,24917.0,487.0,
19205,Aichi,2021-02-18,51.0,5.0,,24968.0,492.0,
19206,Aichi,2021-02-19,51.0,6.0,,25019.0,498.0,
19207,Aichi,2021-02-20,46.0,3.0,,25065.0,501.0,
19208,Aichi,2021-02-21,33.0,1.0,,25098.0,502.0,
19209,Aichi,2021-02-22,30.0,4.0,,25128.0,506.0,
19210,Aichi,2021-02-23,51.0,4.0,,25179.0,510.0,
19211,Aichi,2021-02-24,46.0,4.0,,25225.0,514.0,
19212,Aichi,2021-02-25,41.0,0.0,,25266.0,514.0,
19213,Aichi,2021-02-26,40.0,1.0,,25306.0,515.0,
19214,Aichi,2021-02-27,53.0,2.0,,25359.0,517.0,
19215,Aichi,2021-02-28,31.0,1.0,,25390.0,518.0,
19216,Aichi,2021-03-01,32.0,0.0,,25422.0,518.0,
19217,Aichi,2021-03-02,34.0,4.0,,25456.0,522.0,
19218,Aichi,2021-03-03,55.0,4.0,,25511.0,526.0,
19219,Aichi,2021-03-04,68.0,5.0,,25579.0,531.0,
19220,Aichi,2021-03-05,50.0,4.0,,25629.0,535.0,
19221,Aichi,2021-03-06,35.0,3.0,,25664.0,538.0,
19222,Aichi,2021-03-07,27.0,2.0,,25691.0,540.0,
19223,Aichi,2021-03-08,8.0,1.0,,25699.0,541.0,
19224,Aichi,2021-03-09,39.0,3.0,,25738.0,544.0,
19225,Aichi,2021-03-10,44.0,1.0,,25782.0,545.0,
19226,Aichi,2021-03-11,66.0,3.0,,25848.0,548.0,
19227,Aichi,2021-03-12,52.0,3.0,,25900.0,551.0,
19228,Aichi,2021-03-13,55.0,3.0,,25955.0,554.0,
19229,Aichi,2021-03-14,24.0,2.0,,25979.0,556.0,
19230,Aichi,2021-03-15,15.0,0.0,,25994.0,556.0,
19231,Aichi,2021-03-16,30.0,4.0,,26024.0,560.0,
19232,Aichi,2021-03-17,48.0,2.0,,26072.0,562.0,
19233,Aichi,2021-03-18,38.0,1.0,,26110.0,563.0,
19234,Aichi,2021-03-19,47.0,2.0,,26157.0,565.0,
19235,Aichi,2021-03-20,55.0,4.0,,26212.0,569.0,
19236,Aichi,2021-03-21,34.0,1.0,,26246.0,570.0,
19237,Aichi,2021-03-22,31.0,0.0,,26277.0,570.0,
19238,Aichi,2021-03-23,63.0,1.0,,26340.0,571.0,
19239,Aichi,2021-03-24,74.0,1.0,,26414.0,572.0,
19240,Aichi,2021-03-25,79.0,0.0,,26493.0,572.0,
19241,Aichi,2021-03-26,64.0,1.0,,26557.0,573.0,
19242,Aichi,2021-03-27,58.0,0.0,,26615.0,573.0,
19243,Aichi,2021-03-28,86.0,2.0,,26701.0,575.0,
19244,Aichi,2021-03-29,39.0,0.0,,26740.0,575.0,
19245,Aichi,2021-03-30,56.0,2.0,,26796.0,577.0,
19246,Aichi,2021-03-31,99.0,3.0,,26895.0,580.0,
19247,Aichi,2021-04-01,83.0,3.0,,26978.0,583.0,
19248,Aichi,2021-04-02,145.0,1.0,,27123.0,584.0,
19249,Aichi,2021-04-03,118.0,2.0,,27241.0,586.0,
19250,Aichi,2021-04-04,116.0,2.0,,27357.0,588.0,
19251,Aichi,2021-04-05,45.0,2.0,,27402.0,590.0,
19252,Aichi,2021-04-06,112.0,3.0,,27514.0,593.0,
19253,Aichi,2021-04-07,188.0,1.0,,27702.0,594.0,
19254,Aichi,2021-04-08,144.0,2.0,,27846.0,596.0,
19255,Aichi,2021-04-09,172.0,1.0,,28018.0,597.0,
19256,Aichi,2021-04-10,197.0,3.0,,28215.0,600.0,
19257,Aichi,2021-04-11,129.0,2.0,,28344.0,602.0,
19258,Aichi,2021-04-12,122.0,2.0,,28466.0,604.0,
19259,Aichi,2021-04-13,168.0,0.0,,28634.0,604.0,
19260,Aichi,2021-04-14,216.0,1.0,,28850.0,605.0,
19261,Aichi,2021-04-15,218.0,1.0,,29068.0,606.0,
19262,Aichi,2021-04-16,224.0,2.0,,29292.0,608.0,
19263,Aichi,2021-04-17,230.0,0.0,,29522.0,608.0,
19264,Aichi,2021-04-18,207.0,4.0,,29729.0,612.0,
19265,Aichi,2021-04-19,124.0,0.0,,29853.0,612.0,
19266,Aichi,2021-04-20,190.0,1.0,,30043.0,613.0,
19267,Aichi,2021-04-21,312.0,1.0,,30355.0,614.0,
19268,Aichi,2021-04-22,294.0,1.0,,30649.0,615.0,
19269,Aichi,2021-04-23,284.0,1.0,,30933.0,616.0,
19270,Aichi,2021-04-24,339.0,2.0,,31272.0,618.0,
19271,Aichi,2021-04-25,225.0,1.0,,31497.0,619.0,
19272,Aichi,2021-04-26,161.0,0.0,,31658.0,619.0,
19273,Aichi,2021-04-27,281.0,0.0,,31939.0,619.0,
19274,Aichi,2021-04-28,323.0,5.0,,32262.0,624.0,
19275,Aichi,2021-04-29,430.0,3.0,,32692.0,627.0,
19276,Aichi,2021-04-30,290.0,1.0,,32982.0,628.0,
19277,Aichi,2021-05-01,398.0,1.0,,33380.0,629.0,
19278,Aichi,2021-05-02,350.0,2.0,,33730.0,631.0,
19279,Aichi,2021-05-03,304.0,2.0,,34034.0,633.0,
19280,Aichi,2021-05-04,219.0,3.0,,34253.0,636.0,
19281,Aichi,2021-05-05,224.0,2.0,,34477.0,638.0,
19282,Aichi,2021-05-06,290.0,3.0,,34767.0,641.0,
19283,Aichi,2021-05-07,443.0,2.0,,35210.0,643.0,
19284,Aichi,2021-05-08,575.0,3.0,,35785.0,646.0,
19285,Aichi,2021-05-09,473.0,2.0,,36258.0,648.0,
19286,Aichi,2021-05-10,426.0,5.0,,36684.0,653.0,
19287,Aichi,2021-05-11,578.0,3.0,,37262.0,656.0,
19288,Aichi,2021-05-12,679.0,1.0,,37941.0,657.0,
19289,Aichi,2021-05-13,624.0,3.0,,38565.0,660.0,
19290,Aichi,2021-05-14,598.0,2.0,,39163.0,662.0,
19291,Aichi,2021-05-15,596.0,4.0,,39759.0,666.0,
19292,Aichi,2021-05-16,522.0,3.0,,40281.0,669.0,
19293,Aichi,2021-05-17,362.0,3.0,,40643.0,672.0,
19294,Aichi,2021-05-18,539.0,9.0,,41182.0,681.0,
19295,Aichi,2021-05-19,666.0,5.0,,41848.0,686.0,
19296,Aichi,2021-05-20,633.0,5.0,,42481.0,691.0,
19297,Aichi,2021-05-21,597.0,5.0,,43078.0,696.0,
19298,Aichi,2021-05-22,616.0,8.0,,43694.0,704.0,
19299,Aichi,2021-05-23,431.0,6.0,,44125.0,710.0,
19300,Aichi,2021-05-24,280.0,6.0,,44405.0,716.0,
19301,Aichi,2021-05-25,417.0,4.0,,44822.0,720.0,
19302,Aichi,2021-05-26,445.0,10.0,,45267.0,730.0,
19303,Aichi,2021-05-27,394.0,13.0,,45661.0,743.0,
19304,Aichi,2021-05-28,383.0,15.0,,46044.0,758.0,
19305,Aichi,2021-05-29,347.0,13.0,,46391.0,771.0,
19306,Aichi,2021-05-30,305.0,6.0,,46696.0,777.0,
19307,Aichi,2021-05-31,145.0,8.0,,46841.0,785.0,
19308,Aichi,2021-06-01,305.0,6.0,,47146.0,791.0,
19309,Aichi,2021-06-02,287.0,12.0,,47433.0,803.0,
19310,Aichi,2021-06-03,288.0,13.0,,47721.0,816.0,
19311,Aichi,2021-06-04,266.0,8.0,,47987.0,824.0,
19312,Aichi,2021-06-05,218.0,8.0,,48205.0,832.0,
19313,Aichi,2021-06-06,169.0,7.0,,48374.0,839.0,
19314,Aichi,2021-06-07,97.0,4.0,,48471.0,843.0,
19315,Aichi,2021-06-08,170.0,8.0,,48641.0,851.0,
19316,Aichi,2021-06-09,247.0,7.0,,48888.0,858.0,
19317,Aichi,2021-06-10,171.0,8.0,,49059.0,866.0,
19318,Aichi,2021-06-11,149.0,9.0,,49208.0,875.0,
19319,Aichi,2021-06-12,123.0,6.0,,49331.0,881.0,
19320,Aichi,2021-06-13,102.0,7.0,,49433.0,888.0,
19321,Aichi,2021-06-14,46.0,2.0,,49479.0,890.0,
19322,Aichi,2021-06-15,98.0,5.0,,49577.0,895.0,
19323,Aichi,2021-06-16,110.0,6.0,,49687.0,901.0,
19324,Aichi,2021-06-17,99.0,9.0,,49786.0,910.0,
19325,Aichi,2021-06-18,106.0,7.0,,49892.0,917.0,
19326,Aichi,2021-06-19,89.0,6.0,,49981.0,923.0,
19327,Aichi,2021-06-20,84.0,6.0,,50065.0,929.0,
19328,Aichi,2021-06-21,35.0,4.0,,50100.0,933.0,
19329,Aichi,2021-06-22,96.0,6.0,,50196.0,939.0,
19330,Aichi,2021-06-23,75.0,4.0,,50271.0,943.0,
19331,Aichi,2021-06-24,100.0,2.0,,50371.0,945.0,
19332,Aichi,2021-06-25,66.0,3.0,,50437.0,948.0,
19333,Aichi,2021-06-26,46.0,2.0,,50483.0,950.0,
19334,Aichi,2021-06-27,41.0,5.0,,50524.0,955.0,
19335,Aichi,2021-06-28,20.0,0.0,,50544.0,955.0,
19336,Aichi,2021-06-29,49.0,5.0,,50593.0,960.0,
19337,Aichi,2021-06-30,53.0,1.0,,50646.0,961.0,
19338,Aichi,2021-07-01,49.0,1.0,,50695.0,962.0,
19339,Aichi,2021-07-02,44.0,2.0,,50739.0,964.0,
19340,Aichi,2021-07-03,45.0,7.0,,50784.0,971.0,
19341,Aichi,2021-07-04,64.0,0.0,,50848.0,971.0,
19342,Aichi,2021-07-05,21.0,0.0,,50869.0,971.0,
19343,Aichi,2021-07-06,52.0,3.0,,50921.0,974.0,
19344,Aichi,2021-07-07,85.0,2.0,,51006.0,976.0,
19345,Aichi,2021-07-08,49.0,2.0,,51055.0,978.0,
19346,Aichi,2021-07-09,66.0,1.0,,51121.0,979.0,
19347,Aichi,2021-07-10,64.0,2.0,,51185.0,981.0,
19348,Aichi,2021-07-11,64.0,1.0,,51249.0,982.0,
19349,Aichi,2021-07-12,42.0,1.0,,51291.0,983.0,
19350,Aichi,2021-07-13,70.0,1.0,,51361.0,984.0,
19351,Aichi,2021-07-14,71.0,3.0,,51432.0,987.0,
19352,Aichi,2021-07-15,74.0,4.0,,51506.0,991.0,
19353,Aichi,2021-07-16,67.0,2.0,,51573.0,993.0,
19354,Aichi,2021-07-17,75.0,1.0,,51648.0,994.0,
19355,Aichi,2021-07-18,94.0,1.0,,51742.0,995.0,
19356,Aichi,2021-07-19,36.0,1.0,,51778.0,996.0,
19357,Aichi,2021-07-20,94.0,1.0,,51872.0,997.0,
19358,Aichi,2021-07-21,109.0,1.0,,51981.0,998.0,
19359,Aichi,2021-07-22,146.0,3.0,,52127.0,1001.0,
19360,Aichi,2021-07-23,69.0,1.0,,52196.0,1002.0,
19361,Aichi,2021-07-24,69.0,0.0,,52265.0,1002.0,
19362,Aichi,2021-07-25,108.0,1.0,,52373.0,1003.0,
19363,Aichi,2021-07-26,70.0,0.0,,52443.0,1003.0,
19364,Aichi,2021-07-27,174.0,2.0,,52617.0,1005.0,
19365,Aichi,2021-07-28,265.0,0.0,,52882.0,1005.0,
19366,Aichi,2021-07-29,250.0,2.0,,53132.0,1007.0,
19367,Aichi,2021-07-30,230.0,1.0,,53362.0,1008.0,
19368,Aichi,2021-07-31,287.0,0.0,,53649.0,1008.0,
19369,Aichi,2021-08-01,231.0,0.0,,53880.0,1008.0,
19370,Aichi,2021-08-02,147.0,0.0,,54027.0,1008.0,
19371,Aichi,2021-08-03,258.0,0.0,,54285.0,1008.0,
19372,Aichi,2021-08-04,376.0,1.0,,54661.0,1009.0,
19373,Aichi,2021-08-05,364.0,1.0,,55025.0,1010.0,
19374,Aichi,2021-08-06,387.0,0.0,,55412.0,1010.0,
19375,Aichi,2021-08-07,459.0,2.0,,55871.0,1012.0,
19376,Aichi,2021-08-08,375.0,1.0,,56246.0,1013.0,
19377,Aichi,2021-08-09,256.0,0.0,,56502.0,1013.0,
19378,Aichi,2021-08-10,259.0,0.0,,56761.0,1013.0,
19379,Aichi,2021-08-11,516.0,0.0,,57277.0,1013.0,
19380,Aichi,2021-08-12,703.0,3.0,,57980.0,1016.0,
19381,Aichi,2021-08-13,638.0,0.0,,58618.0,1016.0,
19382,Aichi,2021-08-14,698.0,0.0,,59316.0,1016.0,
19383,Aichi,2021-08-15,609.0,0.0,,59925.0,1016.0,
19384,Aichi,2021-08-16,571.0,2.0,,60496.0,1018.0,
19385,Aichi,2021-08-17,967.0,0.0,,61463.0,1018.0,
19386,Aichi,2021-08-18,1227.0,1.0,,62690.0,1019.0,
19387,Aichi,2021-08-19,1221.0,1.0,,63911.0,1020.0,
19388,Aichi,2021-08-20,1347.0,0.0,,65258.0,1020.0,
19389,Aichi,2021-08-21,1445.0,6.0,,66703.0,1026.0,
19390,Aichi,2021-08-22,1202.0,3.0,,67905.0,1029.0,
19391,Aichi,2021-08-23,1059.0,0.0,,68964.0,1029.0,
19392,Aichi,2021-08-24,1617.0,1.0,,70581.0,1030.0,
19393,Aichi,2021-08-25,1815.0,1.0,,72396.0,1031.0,
19394,Aichi,2021-08-26,2141.0,1.0,,74537.0,1032.0,
19395,Aichi,2021-08-27,2346.0,1.0,,76883.0,1033.0,
19396,Aichi,2021-08-28,1891.0,1.0,,78774.0,1034.0,
19397,Aichi,2021-08-29,1383.0,1.0,,80157.0,1035.0,
19398,Aichi,2021-08-30,1507.0,0.0,,81664.0,1035.0,
19399,Aichi,2021-08-31,1610.0,2.0,,83274.0,1037.0,
19400,Aichi,2021-09-01,1876.0,3.0,,85150.0,1040.0,
19401,Aichi,2021-09-02,1718.0,6.0,,86868.0,1046.0,
19402,Aichi,2021-09-03,1720.0,2.0,,88588.0,1048.0,
19403,Aichi,2021-09-04,1776.0,2.0,,90364.0,1050.0,
19404,Aichi,2021-09-05,1376.0,3.0,,91740.0,1053.0,
19405,Aichi,2021-09-06,1190.0,0.0,,92930.0,1053.0,
19406,Aichi,2021-09-07,1217.0,2.0,,94147.0,1055.0,
19407,Aichi,2021-09-08,1289.0,1.0,,95436.0,1056.0,
19408,Aichi,2021-09-09,1169.0,4.0,,96605.0,1060.0,
19409,Aichi,2021-09-10,1031.0,7.0,,97636.0,1067.0,
19410,Aichi,2021-09-11,970.0,3.0,,98606.0,1070.0,
19411,Aichi,2021-09-12,613.0,3.0,,99219.0,1073.0,
19412,Aichi,2021-09-13,220.0,2.0,,99439.0,1075.0,
19413,Aichi,2021-09-14,643.0,4.0,,100082.0,1079.0,
19414,Aichi,2021-09-15,695.0,3.0,,100777.0,1082.0,
19415,Aichi,2021-09-16,585.0,5.0,,101362.0,1087.0,
19416,Aichi,2021-09-17,399.0,3.0,,101761.0,1090.0,
19417,Aichi,2021-09-18,432.0,5.0,,102193.0,1095.0,
19418,Aichi,2021-09-19,352.0,6.0,,102545.0,1101.0,
19419,Aichi,2021-09-20,204.0,3.0,,102749.0,1104.0,
19420,Aichi,2021-09-21,190.0,3.0,,102939.0,1107.0,
19421,Aichi,2021-09-22,396.0,2.0,,103335.0,1109.0,
19422,Aichi,2021-09-23,337.0,4.0,,103672.0,1113.0,
19423,Aichi,2021-09-24,131.0,4.0,,103803.0,1117.0,
19424,Aichi,2021-09-25,251.0,5.0,,104054.0,1122.0,
19425,Aichi,2021-09-26,200.0,4.0,,104254.0,1126.0,
19426,Aichi,2021-09-27,99.0,1.0,,104353.0,1127.0,
19427,Aichi,2021-09-28,148.0,0.0,,104501.0,1127.0,
19428,Aichi,2021-09-29,148.0,4.0,,104649.0,1131.0,
19429,Aichi,2021-09-30,126.0,2.0,,104775.0,1133.0,
19430,Aichi,2021-10-01,87.0,2.0,,104862.0,1135.0,
19431,Aichi,2021-10-02,80.0,1.0,,104942.0,1136.0,
19432,Aichi,2021-10-03,61.0,1.0,,105003.0,1137.0,
19433,Aichi,2021-10-04,17.0,1.0,,105020.0,1138.0,
19434,Aichi,2021-10-05,127.0,1.0,,105147.0,1139.0,
19435,Aichi,2021-10-06,76.0,2.0,,105223.0,1141.0,
19436,Aichi,2021-10-07,59.0,2.0,,105282.0,1143.0,
19437,Aichi,2021-10-08,52.0,1.0,,105334.0,1144.0,
19438,Aichi,2021-10-09,49.0,0.0,,105383.0,1144.0,
19439,Aichi,2021-10-10,27.0,2.0,,105410.0,1146.0,
19440,Aichi,2021-10-11,13.0,0.0,,105423.0,1146.0,
19441,Aichi,2021-10-12,40.0,2.0,,105463.0,1148.0,
19442,Aichi,2021-10-13,48.0,3.0,,105511.0,1151.0,
19443,Aichi,2021-10-14,30.0,1.0,,105541.0,1152.0,
19444,Aichi,2021-10-15,35.0,0.0,,105576.0,1152.0,
19445,Aichi,2021-10-16,38.0,0.0,,105614.0,1152.0,
19446,Aichi,2021-10-17,21.0,0.0,,105635.0,1152.0,
19447,Aichi,2021-10-18,10.0,1.0,,105645.0,1153.0,
19448,Aichi,2021-10-19,14.0,0.0,,105659.0,1153.0,
19449,Aichi,2021-10-20,28.0,2.0,,105687.0,1155.0,
19450,Aichi,2021-10-21,20.0,0.0,,105707.0,1155.0,
19451,Aichi,2021-10-22,36.0,0.0,,105743.0,1155.0,
19452,Aichi,2021-10-23,22.0,0.0,,105765.0,1155.0,
19453,Aichi,2021-10-24,16.0,0.0,,105781.0,1155.0,
19454,Aichi,2021-10-25,8.0,0.0,,105789.0,1155.0,
19455,Aichi,2021-10-26,37.0,0.0,,105826.0,1155.0,
19456,Aichi,2021-10-27,23.0,1.0,,105849.0,1156.0,
19457,Aichi,2021-10-28,24.0,0.0,,105873.0,1156.0,
19458,Aichi,2021-10-29,19.0,0.0,,105892.0,1156.0,
19459,Aichi,2021-10-30,21.0,0.0,,105913.0,1156.0,
19460,Aichi,2021-10-31,17.0,0.0,,105930.0,1156.0,
19461,Aichi,2021-11-01,6.0,0.0,,105936.0,1156.0,
19462,Aichi,2021-11-02,12.0,0.0,,105948.0,1156.0,
19463,Aichi,2021-11-03,18.0,0.0,,105966.0,1156.0,
19464,Aichi,2021-11-04,2.0,0.0,,105968.0,1156.0,
19465,Aichi,2021-11-05,15.0,0.0,,105983.0,1156.0,
19466,Aichi,2021-11-06,14.0,0.0,,105997.0,1156.0,
19467,Aichi,2021-11-07,12.0,0.0,,106009.0,1156.0,
19468,Aichi,2021-11-08,8.0,0.0,,106017.0,1156.0,
19469,Aichi,2021-11-09,6.0,0.0,,106023.0,1156.0,
19470,Aichi,2021-11-10,10.0,0.0,,106033.0,1156.0,
19471,Aichi,2021-11-11,11.0,1.0,,106044.0,1157.0,
19472,Aichi,2021-11-12,16.0,0.0,,106060.0,1157.0,
19473,Aichi,2021-11-13,8.0,0.0,,106068.0,1157.0,
19474,Aichi,2021-11-14,13.0,0.0,,106081.0,1157.0,
19475,Aichi,2021-11-15,2.0,0.0,,106083.0,1157.0,
19476,Aichi,2021-11-16,10.0,1.0,,106093.0,1158.0,
19477,Aichi,2021-11-17,11.0,0.0,,106104.0,1158.0,
19478,Aichi,2021-11-18,6.0,1.0,,106110.0,1159.0,
19479,Aichi,2021-11-19,6.0,0.0,,106116.0,1159.0,
19480,Aichi,2021-11-20,5.0,0.0,,106121.0,1159.0,
19481,Aichi,2021-11-21,5.0,0.0,,106126.0,1159.0,
19482,Aichi,2021-11-22,0.0,0.0,,106126.0,1159.0,
19483,Aichi,2021-11-23,17.0,0.0,,106143.0,1159.0,
19484,Aichi,2021-11-24,1.0,0.0,,106144.0,1159.0,
19485,Aichi,2021-11-25,10.0,1.0,,106154.0,1160.0,
19486,Aichi,2021-11-26,4.0,1.0,,106158.0,1161.0,
19487,Aichi,2021-11-27,10.0,0.0,,106168.0,1161.0,
19488,Aichi,2021-11-28,4.0,0.0,,106172.0,1161.0,
19489,Aichi,2021-11-29,0.0,0.0,,106172.0,1161.0,
19490,Aichi,2021-11-30,13.0,0.0,,106185.0,1161.0,
19491,Aichi,2021-12-01,6.0,0.0,,106191.0,1161.0,
19492,Aichi,2021-12-02,4.0,0.0,,106195.0,1161.0,
19493,Aichi,2021-12-03,5.0,0.0,,106200.0,1161.0,
19494,Aichi,2021-12-04,9.0,0.0,,106209.0,1161.0,
19495,Aichi,2021-12-05,3.0,0.0,,106212.0,1161.0,
19496,Aichi,2021-12-06,0.0,0.0,,106212.0,1161.0,
19497,Aichi,2021-12-07,12.0,0.0,,106224.0,1161.0,
19498,Aichi,2021-12-08,6.0,0.0,,106230.0,1161.0,
19499,Aichi,2021-12-09,8.0,0.0,,106238.0,1161.0,
19500,Aichi,2021-12-10,10.0,0.0,,106248.0,1161.0,
19501,Aichi,2021-12-11,3.0,0.0,,106251.0,1161.0,
19502,Aichi,2021-12-12,9.0,0.0,,106260.0,1161.0,
19503,Aichi,2021-12-13,0.0,0.0,,106260.0,1161.0,
19504,Aichi,2021-12-14,8.0,0.0,,106268.0,1161.0,
19505,Aichi,2021-12-15,5.0,0.0,,106273.0,1161.0,
19506,Aichi,2021-12-16,3.0,0.0,,106276.0,1161.0,
19507,Aichi,2021-12-17,6.0,0.0,,106282.0,1161.0,
19508,Aichi,2021-12-18,7.0,0.0,,106289.0,1161.0,
19509,Aichi,2021-12-19,3.0,0.0,,106292.0,1161.0,
19510,Aichi,2021-12-20,0.0,0.0,,106292.0,1161.0,
19511,Aichi,2021-12-21,7.0,0.0,,106299.0,1161.0,
19512,Aichi,2021-12-22,4.0,0.0,,106303.0,1161.0,
19513,Aichi,2021-12-23,4.0,0.0,,106307.0,1161.0,
19514,Aichi,2021-12-24,4.0,0.0,,106311.0,1161.0,
19515,Aichi,2021-12-25,6.0,0.0,,106317.0,1161.0,
19516,Aichi,2021-12-26,2.0,0.0,,106319.0,1161.0,
19517,Aichi,2021-12-27,5.0,0.0,,106324.0,1161.0,
19518,Aichi,2021-12-28,10.0,0.0,,106334.0,1161.0,
19519,Aichi,2021-12-29,17.0,0.0,,106351.0,1161.0,
19520,Aichi,2021-12-30,12.0,0.0,,106363.0,1161.0,
19521,Aichi,2021-12-31,21.0,0.0,,106384.0,1161.0,
19522,Aichi,2022-01-01,15.0,0.0,,106399.0,1161.0,
19523,Aichi,2022-01-02,19.0,0.0,,106418.0,1161.0,
19524,Aichi,2022-01-03,21.0,0.0,,106439.0,1161.0,
19525,Aichi,2022-01-04,32.0,0.0,,106471.0,1161.0,
19526,Aichi,2022-01-05,75.0,0.0,,106546.0,1161.0,
19527,Aichi,2022-01-06,154.0,0.0,,106700.0,1161.0,
19528,Aichi,2022-01-07,244.0,0.0,,106944.0,1161.0,
19529,Aichi,2022-01-08,363.0,0.0,,107307.0,1161.0,
19530,Aichi,2022-01-09,391.0,0.0,,107698.0,1161.0,
19531,Aichi,2022-01-10,231.0,0.0,,107929.0,1161.0,
19532,Aichi,2022-01-11,233.0,0.0,,108162.0,1161.0,
19533,Aichi,2022-01-12,882.0,0.0,,109044.0,1161.0,
19534,Aichi,2022-01-13,1140.0,0.0,,110184.0,1161.0,
19535,Aichi,2022-01-14,1373.0,0.0,,111557.0,1161.0,
19536,Aichi,2022-01-15,1711.0,2.0,,113268.0,1163.0,
19537,Aichi,2022-01-16,1447.0,1.0,,114715.0,1164.0,
19538,Aichi,2022-01-17,895.0,0.0,,115610.0,1164.0,
19539,Aichi,2022-01-18,2732.0,1.0,,118342.0,1165.0,
19540,Aichi,2022-01-19,3495.0,0.0,,121837.0,1165.0,
19541,Aichi,2022-01-20,3461.0,1.0,,125298.0,1166.0,
19542,Aichi,2022-01-21,3628.0,0.0,,128926.0,1166.0,
19543,Aichi,2022-01-22,4346.0,1.0,,133272.0,1167.0,
19544,Aichi,2022-01-23,3490.0,1.0,,136762.0,1168.0,
19545,Aichi,2022-01-24,2071.0,2.0,,138833.0,1170.0,
19546,Aichi,2022-01-25,5935.0,3.0,,144768.0,1173.0,
19547,Aichi,2022-01-26,5917.0,4.0,,150685.0,1177.0,
19548,Aichi,2022-01-27,6482.0,3.0,,157167.0,1180.0,
19549,Aichi,2022-01-28,5976.0,1.0,,163143.0,1181.0,
19550,Aichi,2022-01-29,7007.0,2.0,,170150.0,1183.0,
19551,Aichi,2022-01-30,5300.0,2.0,,175450.0,1185.0,
19552,Aichi,2022-01-31,2779.0,2.0,,178229.0,1187.0,
19553,Aichi,2022-02-01,7835.0,7.0,,186064.0,1194.0,
19554,Aichi,2022-02-02,7936.0,10.0,,194000.0,1204.0,
19555,Aichi,2022-02-03,6952.0,8.0,,200952.0,1212.0,
19556,Aichi,2022-02-04,6567.0,11.0,,207519.0,1223.0,
19557,Aichi,2022-02-05,6834.0,13.0,,214353.0,1236.0,
19558,Aichi,2022-02-06,5281.0,10.0,,219634.0,1246.0,
19559,Aichi,2022-02-07,2559.0,5.0,,222193.0,1251.0,
19560,Aichi,2022-02-08,6921.0,7.0,,229114.0,1258.0,
19561,Aichi,2022-02-09,7466.0,9.0,,236580.0,1267.0,
19562,Aichi,2022-02-10,5893.0,14.0,,242473.0,1281.0,
19563,Aichi,2022-02-11,6467.0,12.0,,248940.0,1293.0,
19564,Aichi,2022-02-12,2803.0,13.0,,251743.0,1306.0,
19565,Aichi,2022-02-13,5711.0,13.0,,257454.0,1319.0,
19566,Aichi,2022-02-14,2588.0,7.0,,260042.0,1326.0,
19567,Aichi,2022-02-15,7119.0,13.0,,267161.0,1339.0,
19568,Aichi,2022-02-16,7053.0,28.0,,274214.0,1367.0,
19569,Aichi,2022-02-17,6137.0,13.0,,280351.0,1380.0,
19570,Aichi,2022-02-18,4975.0,24.0,,285326.0,1404.0,
19571,Aichi,2022-02-19,5264.0,18.0,,290590.0,1422.0,
19572,Aichi,2022-02-20,4152.0,24.0,,294742.0,1446.0,
19573,Aichi,2022-02-21,1721.0,8.0,,296463.0,1454.0,
19574,Aichi,2022-02-22,5679.0,16.0,,302142.0,1470.0,
19575,Aichi,2022-02-23,6137.0,25.0,,308279.0,1495.0,
19576,Aichi,2022-02-24,1999.0,30.0,,310278.0,1525.0,
19577,Aichi,2022-02-25,4747.0,28.0,,315025.0,1553.0,
19578,Aichi,2022-02-26,4955.0,27.0,,319980.0,1580.0,
19579,Aichi,2022-02-27,3481.0,19.0,,323461.0,1599.0,
19580,Aichi,2022-02-28,1599.0,13.0,,325060.0,1612.0,
19581,Aichi,2022-03-01,5202.0,30.0,,330262.0,1642.0,
19582,Aichi,2022-03-02,4817.0,15.0,,335079.0,1657.0,
19583,Aichi,2022-03-03,3751.0,23.0,,338830.0,1680.0,
19584,Aichi,2022-03-04,3606.0,27.0,,342436.0,1707.0,
19585,Aichi,2022-03-05,3846.0,13.0,,346282.0,1720.0,
19586,Aichi,2022-03-06,2992.0,13.0,,349274.0,1733.0,
19587,Aichi,2022-03-07,1224.0,8.0,,350498.0,1741.0,
19588,Aichi,2022-03-08,3975.0,10.0,,354473.0,1751.0,
19589,Aichi,2022-03-09,4173.0,13.0,,358646.0,1764.0,
19590,Aichi,2022-03-10,3166.0,21.0,,361812.0,1785.0,
19591,Aichi,2022-03-11,3040.0,11.0,,364852.0,1796.0,
19592,Aichi,2022-03-12,3110.0,27.0,,367962.0,1823.0,
19593,Aichi,2022-03-13,2467.0,13.0,,370429.0,1836.0,
19594,Aichi,2022-03-14,1099.0,3.0,,371528.0,1839.0,
19595,Aichi,2022-03-15,3846.0,7.0,,375374.0,1846.0,
19596,Aichi,2022-03-16,3578.0,8.0,,378952.0,1854.0,
19597,Aichi,2022-03-17,2764.0,14.0,,381716.0,1868.0,
19598,Aichi,2022-03-18,2446.0,20.0,,384162.0,1888.0,
19599,Aichi,2022-03-19,2476.0,17.0,,386638.0,1905.0,
19600,Aichi,2022-03-20,1966.0,5.0,,388604.0,1910.0,
19601,Aichi,2022-03-21,1066.0,0.0,,389670.0,1910.0,
19602,Aichi,2022-03-22,832.0,5.0,,390502.0,1915.0,
19603,Aichi,2022-03-23,3298.0,3.0,,393800.0,1918.0,
19604,Aichi,2022-03-24,3226.0,6.0,,397026.0,1924.0,
19605,Aichi,2022-03-25,2544.0,8.0,,399570.0,1932.0,
19606,Aichi,2022-03-26,2662.0,6.0,,402232.0,1938.0,
19607,Aichi,2022-03-27,2140.0,9.0,,404372.0,1947.0,
19608,Aichi,2022-03-28,950.0,3.0,,405322.0,1950.0,
19609,Aichi,2022-03-29,3175.0,3.0,,408497.0,1953.0,
19610,Aichi,2022-03-30,3254.0,5.0,,411751.0,1958.0,
19611,Aichi,2022-03-31,2633.0,6.0,,414384.0,1964.0,
19612,Aichi,2022-04-01,2654.0,5.0,,417038.0,1969.0,
19613,Aichi,2022-04-02,2742.0,1.0,,419780.0,1970.0,
19614,Aichi,2022-04-03,2063.0,2.0,,421843.0,1972.0,
19615,Aichi,2022-04-04,779.0,1.0,,422622.0,1973.0,
19616,Aichi,2022-04-05,3360.0,4.0,,425982.0,1977.0,
19617,Aichi,2022-04-06,3250.0,2.0,,429232.0,1979.0,
19618,Aichi,2022-04-07,2826.0,2.0,,432058.0,1981.0,
19619,Aichi,2022-04-08,2700.0,1.0,,434758.0,1982.0,
19620,Aichi,2022-04-09,2860.0,4.0,,437618.0,1986.0,
19621,Aichi,2022-04-10,2215.0,2.0,,439833.0,1988.0,
19622,Aichi,2022-04-11,974.0,1.0,,440807.0,1989.0,
19623,Aichi,2022-04-12,3665.0,0.0,,444472.0,1989.0,
19624,Aichi,2022-04-13,3496.0,3.0,,447968.0,1992.0,
19625,Aichi,2022-04-14,2739.0,2.0,,450707.0,1994.0,
19626,Aichi,2022-04-15,2412.0,0.0,,453119.0,1994.0,
19627,Aichi,2022-04-16,2493.0,2.0,,455612.0,1996.0,
19628,Aichi,2022-04-17,1772.0,1.0,,457384.0,1997.0,
19629,Aichi,2022-04-18,661.0,1.0,,458045.0,1998.0,
19630,Aichi,2022-04-19,2709.0,2.0,,460754.0,2000.0,
19631,Aichi,2022-04-20,2680.0,4.0,,463434.0,2004.0,
19632,Aichi,2022-04-21,2411.0,2.0,,465845.0,2006.0,
19633,Aichi,2022-04-22,2205.0,2.0,,468050.0,2008.0,
19634,Aichi,2022-04-23,2475.0,3.0,,470525.0,2011.0,
19635,Aichi,2022-04-24,2035.0,0.0,,472560.0,2011.0,
19636,Aichi,2022-04-25,862.0,0.0,,473422.0,2011.0,
19637,Aichi,2022-04-26,2887.0,0.0,,476309.0,2011.0,
19638,Aichi,2022-04-27,2695.0,2.0,,479004.0,2013.0,
19639,Aichi,2022-04-28,2188.0,3.0,,481192.0,2016.0,
19640,Aichi,2022-04-29,1985.0,1.0,,483177.0,2017.0,
19641,Aichi,2022-04-30,706.0,1.0,,483883.0,2018.0,
19642,Aichi,2022-05-01,1504.0,0.0,,485387.0,2018.0,
19643,Aichi,2022-05-02,642.0,0.0,,486029.0,2018.0,
19644,Aichi,2022-05-03,2280.0,2.0,,488309.0,2020.0,
19645,Aichi,2022-05-04,922.0,2.0,,489231.0,2022.0,
19646,Aichi,2022-05-05,862.0,1.0,,490093.0,2023.0,
19647,Aichi,2022-05-06,915.0,1.0,,491008.0,2024.0,
19648,Aichi,2022-05-07,2919.0,1.0,,493927.0,2025.0,
19649,Aichi,2022-05-08,2295.0,1.0,,496222.0,2026.0,
19650,Aichi,2022-05-09,969.0,2.0,,497191.0,2028.0,
19651,Aichi,2022-05-10,3168.0,4.0,,500359.0,2032.0,
19652,Aichi,2022-05-11,2815.0,1.0,,503174.0,2033.0,
19653,Aichi,2022-05-12,2362.0,2.0,,505536.0,2035.0,
19654,Aichi,2022-05-13,2279.0,0.0,,507815.0,2035.0,
19655,Aichi,2022-05-14,2523.0,0.0,,510338.0,2035.0,
19656,Aichi,2022-05-15,1875.0,1.0,,512213.0,2036.0,
19657,Aichi,2022-05-16,710.0,1.0,,512923.0,2037.0,
19658,Aichi,2022-05-17,3079.0,1.0,,516002.0,2038.0,
19659,Aichi,2022-05-18,2724.0,0.0,,518726.0,2038.0,
19660,Aichi,2022-05-19,2318.0,3.0,,521044.0,2041.0,
19661,Aichi,2022-05-20,2228.0,2.0,,523272.0,2043.0,
19662,Aichi,2022-05-21,2361.0,1.0,,525633.0,2044.0,
19663,Aichi,2022-05-22,1691.0,0.0,,527324.0,2044.0,
19664,Aichi,2022-05-23,616.0,0.0,,527940.0,2044.0,
19665,Aichi,2022-05-24,2660.0,1.0,,530600.0,2045.0,
19666,Aichi,2022-05-25,2439.0,4.0,,533039.0,2049.0,
19667,Aichi,2022-05-26,1889.0,4.0,,534928.0,2053.0,
19668,Aichi,2022-05-27,1653.0,6.0,,536581.0,2059.0,
19669,Aichi,2022-05-28,1634.0,1.0,,538215.0,2060.0,
19670,Aichi,2022-05-29,1136.0,2.0,,539351.0,2062.0,
19671,Aichi,2022-05-30,445.0,0.0,,539796.0,2062.0,
19672,Aichi,2022-05-31,1766.0,1.0,,541562.0,2063.0,
19673,Aichi,2022-06-01,1630.0,0.0,,543192.0,2063.0,
19674,Aichi,2022-06-02,1271.0,4.0,,544463.0,2067.0,
19675,Aichi,2022-06-03,1224.0,4.0,,545687.0,2071.0,
19676,Aichi,2022-06-04,1173.0,0.0,,546860.0,2071.0,
19677,Aichi,2022-06-05,889.0,0.0,,547749.0,2071.0,
19678,Aichi,2022-06-06,337.0,0.0,,548086.0,2071.0,
19679,Aichi,2022-06-07,1413.0,2.0,,549499.0,2073.0,
19680,Aichi,2022-06-08,1141.0,3.0,,550640.0,2076.0,
19681,Aichi,2022-06-09,932.0,2.0,,551572.0,2078.0,
19682,Aichi,2022-06-10,921.0,1.0,,552493.0,2079.0,
19683,Aichi,2022-06-11,906.0,1.0,,553399.0,2080.0,
19684,Aichi,2022-06-12,680.0,1.0,,554079.0,2081.0,
19685,Aichi,2022-06-13,274.0,0.0,,554353.0,2081.0,
19686,Aichi,2022-06-14,1134.0,1.0,,555487.0,2082.0,
19687,Aichi,2022-06-15,942.0,3.0,,556429.0,2085.0,
19688,Aichi,2022-06-16,779.0,2.0,,557208.0,2087.0,
19689,Aichi,2022-06-17,790.0,3.0,,557998.0,2090.0,
19690,Aichi,2022-06-18,847.0,0.0,,558845.0,2090.0,
19691,Aichi,2022-06-19,657.0,0.0,,559502.0,2090.0,
19692,Aichi,2022-06-20,250.0,0.0,,559752.0,2090.0,
19693,Aichi,2022-06-21,1120.0,0.0,,560872.0,2090.0,
19694,Aichi,2022-06-22,1027.0,5.0,,561899.0,2095.0,
19695,Aichi,2022-06-23,901.0,0.0,,562800.0,2095.0,
19696,Aichi,2022-06-24,854.0,0.0,,563654.0,2095.0,
19697,Aichi,2022-06-25,882.0,0.0,,564536.0,2095.0,
19698,Aichi,2022-06-26,712.0,0.0,,565248.0,2095.0,
19699,Aichi,2022-06-27,356.0,1.0,,565604.0,2096.0,
19700,Aichi,2022-06-28,1490.0,1.0,,567094.0,2097.0,
19701,Aichi,2022-06-29,1402.0,0.0,,568496.0,2097.0,
19702,Aichi,2022-06-30,1316.0,1.0,,569812.0,2098.0,
19703,Aichi,2022-07-01,1319.0,0.0,,571131.0,2098.0,
19704,Aichi,2022-07-02,1473.0,0.0,,572604.0,2098.0,
19705,Aichi,2022-07-03,1167.0,1.0,,573771.0,2099.0,
19706,Aichi,2022-07-04,567.0,0.0,,574338.0,2099.0,
19707,Aichi,2022-07-05,2699.0,0.0,,577037.0,2099.0,
19708,Aichi,2022-07-06,2733.0,1.0,,579770.0,2100.0,
19709,Aichi,2022-07-07,2724.0,0.0,,582494.0,2100.0,
19710,Aichi,2022-07-08,2838.0,0.0,,585332.0,2100.0,
19711,Aichi,2022-07-09,3396.0,1.0,,588728.0,2101.0,
19712,Aichi,2022-07-10,3045.0,3.0,,591773.0,2104.0,
19713,Aichi,2022-07-11,1442.0,1.0,,593215.0,2105.0,
19714,Aichi,2022-07-12,6481.0,1.0,,599696.0,2106.0,
19715,Aichi,2022-07-13,6628.0,0.0,,606324.0,2106.0,
19716,Aichi,2022-07-14,6097.0,1.0,,612421.0,2107.0,
19717,Aichi,2022-07-15,6370.0,0.0,,618791.0,2107.0,
19718,Aichi,2022-07-16,7585.0,2.0,,626376.0,2109.0,
19719,Aichi,2022-07-17,6436.0,0.0,,632812.0,2109.0,
19720,Aichi,2022-07-18,3446.0,0.0,,636258.0,2109.0,
19721,Aichi,2022-07-19,3122.0,1.0,,639380.0,2110.0,
19722,Aichi,2022-07-20,15810.0,3.0,,655190.0,2113.0,
19723,Aichi,2022-07-21,13914.0,1.0,,669104.0,2114.0,
19724,Aichi,2022-07-22,12283.0,1.0,,681387.0,2115.0,
19725,Aichi,2022-07-23,14174.0,0.0,,695561.0,2115.0,
19726,Aichi,2022-07-24,10685.0,2.0,,706246.0,2117.0,
19727,Aichi,2022-07-25,4618.0,3.0,,710864.0,2120.0,
19728,Aichi,2022-07-26,17587.0,2.0,,728451.0,2122.0,
19729,Aichi,2022-07-27,15833.0,5.0,,744284.0,2127.0,
19730,Aichi,2022-07-28,14694.0,10.0,,758978.0,2137.0,
19731,Aichi,2022-07-29,12991.0,10.0,,771969.0,2147.0,
19732,Aichi,2022-07-30,14836.0,3.0,,786805.0,2150.0,
19733,Aichi,2022-07-31,11083.0,9.0,,797888.0,2159.0,
19734,Aichi,2022-08-01,4679.0,6.0,,802567.0,2165.0,
19735,Aichi,2022-08-02,18914.0,5.0,,821481.0,2170.0,
19736,Aichi,2022-08-03,18192.0,12.0,,839673.0,2182.0,
19737,Aichi,2022-08-04,15130.0,10.0,,854803.0,2192.0,
19738,Aichi,2022-08-05,14143.0,9.0,,868946.0,2201.0,
19739,Aichi,2022-08-06,16472.0,12.0,,885418.0,2213.0,
19740,Aichi,2022-08-07,12060.0,15.0,,897478.0,2228.0,
19741,Aichi,2022-08-08,4783.0,6.0,,902261.0,2234.0,
19742,Aichi,2022-08-09,20006.0,6.0,,922267.0,2240.0,
19743,Aichi,2022-08-10,18775.0,19.0,,941042.0,2259.0,
19744,Aichi,2022-08-11,16400.0,23.0,,957442.0,2282.0,
19745,Aichi,2022-08-12,6228.0,16.0,,963670.0,2298.0,
19746,Aichi,2022-08-13,13475.0,12.0,,977145.0,2310.0,
19747,Aichi,2022-08-14,8877.0,12.0,,986022.0,2322.0,
19748,Aichi,2022-08-15,6241.0,8.0,,992263.0,2330.0,
19749,Aichi,2022-08-16,11454.0,3.0,,1003717.0,2333.0,
19750,Aichi,2022-08-17,20198.0,26.0,,1023915.0,2359.0,
19751,Aichi,2022-08-18,18754.0,17.0,,1042669.0,2376.0,
19752,Aichi,2022-08-19,17020.0,25.0,,1059689.0,2401.0,
19753,Aichi,2022-08-20,18154.0,17.0,,1077843.0,2418.0,
19754,Aichi,2022-08-21,13230.0,17.0,,1091073.0,2435.0,
19755,Aichi,2022-08-22,4896.0,12.0,,1095969.0,2447.0,
19756,Aichi,2022-08-23,21282.0,12.0,,1117251.0,2459.0,
19757,Aichi,2022-08-24,17290.0,16.0,,1134541.0,2475.0,
19758,Aichi,2022-08-25,13551.0,27.0,,1148092.0,2502.0,
19759,Aichi,2022-08-26,11680.0,23.0,,1159772.0,2525.0,
19760,Aichi,2022-08-27,12661.0,17.0,,1172433.0,2542.0,
19761,Aichi,2022-08-28,8952.0,25.0,,1181385.0,2567.0,
19762,Aichi,2022-08-29,3379.0,6.0,,1184764.0,2573.0,
19763,Aichi,2022-08-30,15713.0,16.0,,1200477.0,2589.0,
19764,Aichi,2022-08-31,12050.0,14.0,,1212527.0,2603.0,
19765,Aichi,2022-09-01,9445.0,22.0,,1221972.0,2625.0,
19766,Aichi,2022-09-02,8489.0,15.0,,1230461.0,2640.0,
19767,Aichi,2022-09-03,8790.0,12.0,,1239251.0,2652.0,
19768,Aichi,2022-09-04,6809.0,23.0,,1246060.0,2675.0,
19769,Aichi,2022-09-05,3235.0,2.0,,1249295.0,2677.0,
19770,Aichi,2022-09-06,10270.0,6.0,,1259565.0,2683.0,
19771,Aichi,2022-09-07,8717.0,25.0,,1268282.0,2708.0,
19772,Aichi,2022-09-08,7174.0,15.0,,1275456.0,2723.0,
19773,Aichi,2022-09-09,6342.0,11.0,,1281798.0,2734.0,
19774,Aichi,2022-09-10,6568.0,7.0,,1288366.0,2741.0,
19775,Aichi,2022-09-11,5193.0,14.0,,1293559.0,2755.0,
19776,Aichi,2022-09-12,2512.0,2.0,,1296071.0,2757.0,
19777,Aichi,2022-09-13,8757.0,8.0,,1304828.0,2765.0,
19778,Aichi,2022-09-14,7155.0,13.0,,1311983.0,2778.0,
19779,Aichi,2022-09-15,5911.0,7.0,,1317894.0,2785.0,
