,cidade,date,total_confirmed,new_confirmed,total_deceased,new_deceased
108,Campinas,2020-02-25,0,0,0,0
753,Campinas,2020-02-26,0,0,0,0
1398,Campinas,2020-02-27,0,0,0,0
2043,Campinas,2020-02-28,0,0,0,0
2688,Campinas,2020-02-29,0,0,0,0
3333,Campinas,2020-03-01,0,0,0,0
3978,Campinas,2020-03-02,0,0,0,0
4623,Campinas,2020-03-03,0,0,0,0
5268,Campinas,2020-03-04,0,0,0,0
5913,Campinas,2020-03-05,0,0,0,0
6558,Campinas,2020-03-06,0,0,0,0
7203,Campinas,2020-03-07,0,0,0,0
7848,Campinas,2020-03-08,0,0,0,0
8493,Campinas,2020-03-09,0,0,0,0
9138,Campinas,2020-03-10,0,0,0,0
9783,Campinas,2020-03-11,0,0,0,0
10428,Campinas,2020-03-12,0,0,0,0
11073,Campinas,2020-03-13,0,0,0,0
11718,Campinas,2020-03-14,0,0,0,0
12363,Campinas,2020-03-15,0,0,0,0
13008,Campinas,2020-03-16,0,0,0,0
13653,Campinas,2020-03-17,0,0,0,0
14298,Campinas,2020-03-18,1,1,0,0
14943,Campinas,2020-03-19,1,0,0,0
15588,Campinas,2020-03-20,1,0,0,0
16233,Campinas,2020-03-21,1,0,0,0
16878,Campinas,2020-03-22,1,0,0,0
17523,Campinas,2020-03-23,1,0,0,0
18168,Campinas,2020-03-24,1,0,0,0
18813,Campinas,2020-03-25,4,3,0,0
19458,Campinas,2020-03-26,4,0,0,0
20103,Campinas,2020-03-27,5,1,0,0
20748,Campinas,2020-03-28,5,0,0,0
21393,Campinas,2020-03-29,5,0,0,0
22038,Campinas,2020-03-30,11,6,0,0
22683,Campinas,2020-03-31,15,4,1,1
23328,Campinas,2020-04-01,22,7,1,0
23973,Campinas,2020-04-02,23,1,1,0
24618,Campinas,2020-04-03,24,1,1,0
25263,Campinas,2020-04-04,26,2,4,3
25908,Campinas,2020-04-05,26,0,4,0
26553,Campinas,2020-04-06,28,2,4,0
27198,Campinas,2020-04-07,50,22,4,0
27843,Campinas,2020-04-08,72,22,5,1
28488,Campinas,2020-04-09,83,11,5,0
29133,Campinas,2020-04-10,100,17,5,0
29778,Campinas,2020-04-11,100,0,5,0
30423,Campinas,2020-04-12,106,6,5,0
31068,Campinas,2020-04-13,107,1,5,0
31713,Campinas,2020-04-14,112,5,5,0
32358,Campinas,2020-04-15,142,30,5,0
33003,Campinas,2020-04-16,149,7,7,2
33648,Campinas,2020-04-17,164,15,7,0
34293,Campinas,2020-04-18,184,20,7,0
34938,Campinas,2020-04-19,184,0,7,0
35583,Campinas,2020-04-20,192,8,7,0
36228,Campinas,2020-04-21,199,7,7,0
36873,Campinas,2020-04-22,202,3,9,2
37518,Campinas,2020-04-23,211,9,9,0
38163,Campinas,2020-04-24,229,18,11,2
38808,Campinas,2020-04-25,256,27,11,0
39453,Campinas,2020-04-26,262,6,12,1
40098,Campinas,2020-04-27,279,17,12,0
40743,Campinas,2020-04-28,320,41,12,0
41388,Campinas,2020-04-29,344,24,16,4
42033,Campinas,2020-04-30,369,25,18,2
42678,Campinas,2020-05-01,372,3,19,1
43323,Campinas,2020-05-02,380,8,20,1
43968,Campinas,2020-05-03,402,22,21,1
44613,Campinas,2020-05-04,403,1,21,0
45258,Campinas,2020-05-05,430,27,22,1
45903,Campinas,2020-05-06,462,32,22,0
46548,Campinas,2020-05-07,495,33,23,1
47193,Campinas,2020-05-08,527,32,25,2
47838,Campinas,2020-05-09,595,68,25,0
48483,Campinas,2020-05-10,609,14,25,0
49128,Campinas,2020-05-11,615,6,26,1
49773,Campinas,2020-05-12,643,28,27,1
50418,Campinas,2020-05-13,730,87,27,0
51063,Campinas,2020-05-14,769,39,29,2
51708,Campinas,2020-05-15,840,71,33,4
52353,Campinas,2020-05-16,946,106,35,2
52998,Campinas,2020-05-17,987,41,37,2
53643,Campinas,2020-05-18,1006,19,41,4
54288,Campinas,2020-05-19,1073,67,42,1
54933,Campinas,2020-05-20,1132,59,44,2
55578,Campinas,2020-05-21,1192,60,45,1
56223,Campinas,2020-05-22,1247,55,47,2
56868,Campinas,2020-05-23,1306,59,52,5
57513,Campinas,2020-05-24,1335,29,53,1
58158,Campinas,2020-05-25,1382,47,57,4
58803,Campinas,2020-05-26,1415,33,61,4
59448,Campinas,2020-05-27,1454,39,64,3
60093,Campinas,2020-05-28,1520,66,65,1
60738,Campinas,2020-05-29,1627,107,69,4
61383,Campinas,2020-05-30,1733,106,74,5
62028,Campinas,2020-05-31,1753,20,75,1
62673,Campinas,2020-06-01,1822,69,78,3
63318,Campinas,2020-06-02,1928,106,79,1
63963,Campinas,2020-06-03,2099,171,80,1
64608,Campinas,2020-06-04,2247,148,90,10
65253,Campinas,2020-06-05,2414,167,93,3
65898,Campinas,2020-06-06,2604,190,101,8
66543,Campinas,2020-06-07,2717,113,104,3
67188,Campinas,2020-06-08,2752,35,107,3
67833,Campinas,2020-06-09,2914,162,116,9
68478,Campinas,2020-06-10,3121,207,121,5
69123,Campinas,2020-06-11,3291,170,130,9
69768,Campinas,2020-06-12,3490,199,136,6
70413,Campinas,2020-06-13,3682,192,148,12
71058,Campinas,2020-06-14,3852,170,148,0
71703,Campinas,2020-06-15,3884,32,149,1
72348,Campinas,2020-06-16,4257,373,164,15
72993,Campinas,2020-06-17,4302,45,185,21
73638,Campinas,2020-06-18,4330,28,194,9
74283,Campinas,2020-06-19,5127,797,203,9
74928,Campinas,2020-06-20,5317,190,211,8
75573,Campinas,2020-06-21,5459,142,211,0
76218,Campinas,2020-06-22,5638,179,213,2
76863,Campinas,2020-06-23,5890,252,236,23
77508,Campinas,2020-06-24,6324,434,253,17
78153,Campinas,2020-06-25,6604,280,271,18
78798,Campinas,2020-06-26,6944,340,278,7
79443,Campinas,2020-06-27,7274,330,292,14
80088,Campinas,2020-06-28,7626,352,293,1
80733,Campinas,2020-06-29,7743,117,297,4
81378,Campinas,2020-06-30,8020,277,316,19
82023,Campinas,2020-07-01,8424,404,324,8
82668,Campinas,2020-07-02,8773,349,341,17
83313,Campinas,2020-07-03,9051,278,354,13
83958,Campinas,2020-07-04,9130,79,364,10
84603,Campinas,2020-07-05,9433,303,370,6
85248,Campinas,2020-07-06,9624,191,374,4
85893,Campinas,2020-07-07,10054,430,384,10
86538,Campinas,2020-07-08,10460,406,403,19
87183,Campinas,2020-07-09,10776,316,420,17
87828,Campinas,2020-07-10,11079,303,436,16
88473,Campinas,2020-07-11,11367,288,446,10
89118,Campinas,2020-07-12,11513,146,453,7
89763,Campinas,2020-07-13,11651,138,455,2
90408,Campinas,2020-07-14,11965,314,481,26
91053,Campinas,2020-07-15,12257,292,501,20
91698,Campinas,2020-07-16,12557,300,516,15
92343,Campinas,2020-07-17,12757,200,526,10
92988,Campinas,2020-07-18,12884,127,538,12
93633,Campinas,2020-07-19,12968,84,543,5
94278,Campinas,2020-07-20,13213,245,544,1
94923,Campinas,2020-07-21,13366,153,568,24
95568,Campinas,2020-07-22,14067,701,578,10
96213,Campinas,2020-07-23,14542,475,603,25
96858,Campinas,2020-07-24,15166,624,618,15
97503,Campinas,2020-07-25,15676,510,634,16
98148,Campinas,2020-07-26,15809,133,640,6
98793,Campinas,2020-07-27,15981,172,645,5
99438,Campinas,2020-07-28,16463,482,665,20
100083,Campinas,2020-07-29,16946,483,681,16
100728,Campinas,2020-07-30,17301,355,701,20
101373,Campinas,2020-07-31,17742,441,711,10
102018,Campinas,2020-08-01,18033,291,722,11
102663,Campinas,2020-08-02,18389,356,723,1
103308,Campinas,2020-08-03,18568,179,732,9
103953,Campinas,2020-08-04,19017,449,750,18
104598,Campinas,2020-08-05,19378,361,758,8
105243,Campinas,2020-08-06,19792,414,775,17
105888,Campinas,2020-08-07,20149,357,789,14
106533,Campinas,2020-08-08,20599,450,797,8
107178,Campinas,2020-08-09,20756,157,800,3
107823,Campinas,2020-08-10,20889,133,802,2
108468,Campinas,2020-08-11,21413,524,818,16
109113,Campinas,2020-08-12,21992,579,829,11
109758,Campinas,2020-08-13,22652,660,847,18
110403,Campinas,2020-08-14,23022,370,864,17
111048,Campinas,2020-08-15,23531,509,874,10
111693,Campinas,2020-08-16,23620,89,877,3
112338,Campinas,2020-08-17,23825,205,882,5
112983,Campinas,2020-08-18,24048,223,901,19
113628,Campinas,2020-08-19,24256,208,913,12
114273,Campinas,2020-08-20,24706,450,923,10
114918,Campinas,2020-08-21,24843,137,937,14
115563,Campinas,2020-08-22,25248,405,950,13
116208,Campinas,2020-08-23,25432,184,956,6
116853,Campinas,2020-08-24,25517,85,956,0
117498,Campinas,2020-08-25,26005,488,972,16
118143,Campinas,2020-08-26,26228,223,984,12
118788,Campinas,2020-08-27,26486,258,990,6
119433,Campinas,2020-08-28,26753,267,1005,15
120078,Campinas,2020-08-29,26923,170,1016,11
120723,Campinas,2020-08-30,27002,79,1017,1
121368,Campinas,2020-08-31,27013,11,1018,1
122013,Campinas,2020-09-01,27218,205,1036,18
122658,Campinas,2020-09-02,27601,383,1047,11
123303,Campinas,2020-09-03,28001,400,1053,6
123948,Campinas,2020-09-04,28162,161,1058,5
124593,Campinas,2020-09-05,28456,294,1071,13
125238,Campinas,2020-09-06,28535,79,1074,3
125883,Campinas,2020-09-07,28574,39,1074,0
126528,Campinas,2020-09-08,28634,60,1074,0
127173,Campinas,2020-09-09,28742,108,1098,24
127818,Campinas,2020-09-10,28979,237,1107,9
128463,Campinas,2020-09-11,29177,198,1112,5
129108,Campinas,2020-09-12,29274,97,1119,7
129753,Campinas,2020-09-13,29291,17,1121,2
130398,Campinas,2020-09-14,29366,75,1124,3
131043,Campinas,2020-09-15,29582,216,1142,18
131688,Campinas,2020-09-16,29792,210,1150,8
132333,Campinas,2020-09-17,29975,183,1163,13
132978,Campinas,2020-09-18,30116,141,1174,11
133623,Campinas,2020-09-19,30277,161,1182,8
134268,Campinas,2020-09-20,30415,138,1183,1
134913,Campinas,2020-09-21,30426,11,1184,1
135558,Campinas,2020-09-22,30545,119,1196,12
136203,Campinas,2020-09-23,30669,124,1203,7
136848,Campinas,2020-09-24,30805,136,1215,12
137493,Campinas,2020-09-25,30913,108,1216,1
138138,Campinas,2020-09-26,31115,202,1225,9
138783,Campinas,2020-09-27,31127,12,1225,0
139428,Campinas,2020-09-28,31148,21,1226,1
140073,Campinas,2020-09-29,31256,108,1233,7
140718,Campinas,2020-09-30,31377,121,1237,4
141363,Campinas,2020-10-01,31452,75,1242,5
142008,Campinas,2020-10-02,31538,86,1246,4
142653,Campinas,2020-10-03,31632,94,1247,1
143298,Campinas,2020-10-04,31635,3,1248,1
143943,Campinas,2020-10-05,31667,32,1248,0
144588,Campinas,2020-10-06,31789,122,1253,5
145233,Campinas,2020-10-07,31943,154,1261,8
145878,Campinas,2020-10-08,32074,131,1263,2
146523,Campinas,2020-10-09,32181,107,1269,6
147168,Campinas,2020-10-10,32299,118,1269,0
147813,Campinas,2020-10-11,32359,60,1269,0
148458,Campinas,2020-10-12,32366,7,1270,1
149103,Campinas,2020-10-13,32388,22,1270,0
149748,Campinas,2020-10-14,32502,114,1278,8
150393,Campinas,2020-10-15,32630,128,1279,1
151038,Campinas,2020-10-16,32758,128,1285,6
151683,Campinas,2020-10-17,32851,93,1287,2
152328,Campinas,2020-10-18,32857,6,1287,0
152973,Campinas,2020-10-19,32861,4,1287,0
153618,Campinas,2020-10-20,33035,174,1293,6
154263,Campinas,2020-10-21,33142,107,1294,1
154908,Campinas,2020-10-22,33210,68,1303,9
155553,Campinas,2020-10-23,33293,83,1305,2
156198,Campinas,2020-10-24,33419,126,1307,2
156843,Campinas,2020-10-25,33461,42,1307,0
157488,Campinas,2020-10-26,33472,11,1307,0
158133,Campinas,2020-10-27,33608,136,1312,5
158778,Campinas,2020-10-28,33749,141,1314,2
159423,Campinas,2020-10-29,33822,73,1318,4
160068,Campinas,2020-10-30,33922,100,1324,6
160713,Campinas,2020-10-31,33958,36,1324,0
161358,Campinas,2020-11-01,33968,10,1325,1
162003,Campinas,2020-11-02,33979,11,1325,0
162648,Campinas,2020-11-03,33984,5,1325,0
163293,Campinas,2020-11-04,34100,116,1329,4
163938,Campinas,2020-11-05,34173,73,1333,4
164583,Campinas,2020-11-06,34173,0,1333,0
165228,Campinas,2020-11-07,34173,0,1333,0
165873,Campinas,2020-11-08,34173,0,1333,0
166518,Campinas,2020-11-09,34173,0,1333,0
167163,Campinas,2020-11-10,34599,426,1333,0
167808,Campinas,2020-11-11,34646,47,1334,1
168453,Campinas,2020-11-12,34736,90,1338,4
169098,Campinas,2020-11-13,34849,113,1338,0
169743,Campinas,2020-11-14,34937,88,1342,4
170388,Campinas,2020-11-15,34944,7,1343,1
171033,Campinas,2020-11-16,34957,13,1343,0
171678,Campinas,2020-11-17,35153,196,1345,2
172323,Campinas,2020-11-18,35366,213,1349,4
172968,Campinas,2020-11-19,35504,138,1351,2
173613,Campinas,2020-11-20,35686,182,1354,3
174258,Campinas,2020-11-21,35901,215,1355,1
174903,Campinas,2020-11-22,35966,65,1355,0
175548,Campinas,2020-11-23,35978,12,1355,0
176193,Campinas,2020-11-24,36101,123,1360,5
176838,Campinas,2020-11-25,36319,218,1362,2
177483,Campinas,2020-11-26,36445,126,1366,4
178128,Campinas,2020-11-27,36561,116,1369,3
178773,Campinas,2020-11-28,36685,124,1372,3
179418,Campinas,2020-11-29,36712,27,1372,0
180063,Campinas,2020-11-30,36735,23,1372,0
180708,Campinas,2020-12-01,37101,366,1378,6
181353,Campinas,2020-12-02,37435,334,1385,7
181998,Campinas,2020-12-03,37763,328,1391,6
182643,Campinas,2020-12-04,38033,270,1394,3
183288,Campinas,2020-12-05,38245,212,1396,2
183933,Campinas,2020-12-06,38290,45,1397,1
184578,Campinas,2020-12-07,38292,2,1397,0
185223,Campinas,2020-12-08,38579,287,1402,5
185868,Campinas,2020-12-09,38693,114,1402,0
186513,Campinas,2020-12-10,39112,419,1407,5
187158,Campinas,2020-12-11,39340,228,1410,3
187803,Campinas,2020-12-12,39544,204,1412,2
188448,Campinas,2020-12-13,39547,3,1412,0
189093,Campinas,2020-12-14,39574,27,1412,0
189738,Campinas,2020-12-15,39771,197,1417,5
190383,Campinas,2020-12-16,39771,0,1417,0
191028,Campinas,2020-12-17,40191,420,1418,1
191673,Campinas,2020-12-18,40577,386,1423,5
192318,Campinas,2020-12-19,40936,359,1429,6
192963,Campinas,2020-12-20,40936,0,1429,0
193608,Campinas,2020-12-21,41042,106,1429,0
194253,Campinas,2020-12-22,41437,395,1433,4
194898,Campinas,2020-12-23,41689,252,1443,10
195543,Campinas,2020-12-24,42042,353,1444,1
196188,Campinas,2020-12-25,42065,23,1444,0
196833,Campinas,2020-12-26,42081,16,1444,0
197478,Campinas,2020-12-27,42109,28,1446,2
198123,Campinas,2020-12-28,42162,53,1448,2
198768,Campinas,2020-12-29,42731,569,1463,15
199413,Campinas,2020-12-30,43127,396,1466,3
200058,Campinas,2020-12-31,43410,283,1474,8
200703,Campinas,2021-01-01,43502,92,1474,0
201348,Campinas,2021-01-02,43508,6,1475,1
201993,Campinas,2021-01-03,43561,53,1476,1
202638,Campinas,2021-01-04,43603,42,1476,0
203283,Campinas,2021-01-05,44035,432,1487,11
203928,Campinas,2021-01-06,44429,394,1493,6
204573,Campinas,2021-01-07,44822,393,1501,8
205218,Campinas,2021-01-08,45155,333,1505,4
205863,Campinas,2021-01-09,45602,447,1513,8
206508,Campinas,2021-01-10,45671,69,1515,2
207153,Campinas,2021-01-11,45748,77,1516,1
207798,Campinas,2021-01-12,46165,417,1529,13
208443,Campinas,2021-01-13,46506,341,1535,6
209088,Campinas,2021-01-14,46882,376,1539,4
209733,Campinas,2021-01-15,47258,376,1552,13
210378,Campinas,2021-01-16,47597,339,1555,3
211023,Campinas,2021-01-17,47731,134,1559,4
211668,Campinas,2021-01-18,47767,36,1560,1
212313,Campinas,2021-01-19,48222,455,1567,7
212958,Campinas,2021-01-20,48739,517,1579,12
213603,Campinas,2021-01-21,49024,285,1588,9
214248,Campinas,2021-01-22,49217,193,1596,8
214893,Campinas,2021-01-23,49677,460,1602,6
215538,Campinas,2021-01-24,49825,148,1602,0
216183,Campinas,2021-01-25,49894,69,1603,1
216828,Campinas,2021-01-26,50372,478,1612,9
217473,Campinas,2021-01-27,50870,498,1621,9
218118,Campinas,2021-01-28,51177,307,1633,12
218763,Campinas,2021-01-29,51476,299,1640,7
219408,Campinas,2021-01-30,51747,271,1646,6
220053,Campinas,2021-01-31,51795,48,1646,0
220698,Campinas,2021-02-01,51873,78,1646,0
221343,Campinas,2021-02-02,52140,267,1658,12
221988,Campinas,2021-02-03,52336,196,1669,11
222633,Campinas,2021-02-04,52725,389,1683,14
223278,Campinas,2021-02-05,53055,330,1692,9
223923,Campinas,2021-02-06,53391,336,1699,7
224568,Campinas,2021-02-07,53489,98,1699,0
225213,Campinas,2021-02-08,53515,26,1699,0
225858,Campinas,2021-02-09,53835,320,1713,14
226503,Campinas,2021-02-10,54187,352,1734,21
227148,Campinas,2021-02-11,54446,259,1746,12
227793,Campinas,2021-02-12,54799,353,1750,4
228438,Campinas,2021-02-13,55035,236,1759,9
229083,Campinas,2021-02-14,55112,77,1760,1
229728,Campinas,2021-02-15,55171,59,1760,0
230373,Campinas,2021-02-16,55449,278,1775,15
231018,Campinas,2021-02-17,55765,316,1786,11
231663,Campinas,2021-02-18,56065,300,1795,9
232308,Campinas,2021-02-19,56311,246,1801,6
232953,Campinas,2021-02-20,56529,218,1808,7
233598,Campinas,2021-02-21,56672,143,1811,3
234243,Campinas,2021-02-22,56741,69,1811,0
234888,Campinas,2021-02-23,57069,328,1828,17
235533,Campinas,2021-02-24,57417,348,1835,7
236178,Campinas,2021-02-25,57605,188,1853,18
236823,Campinas,2021-02-26,57902,297,1860,7
237468,Campinas,2021-02-27,58167,265,1868,8
238113,Campinas,2021-02-28,58250,83,1869,1
238758,Campinas,2021-03-01,58279,29,1871,2
239403,Campinas,2021-03-02,58595,316,1883,12
240048,Campinas,2021-03-03,58985,390,1903,20
240693,Campinas,2021-03-04,59226,241,1912,9
241338,Campinas,2021-03-05,59504,278,1925,13
241983,Campinas,2021-03-06,59907,403,1943,18
242628,Campinas,2021-03-07,59988,81,1943,0
243273,Campinas,2021-03-08,60024,36,1943,0
243918,Campinas,2021-03-09,60476,452,1961,18
244563,Campinas,2021-03-10,60843,367,1973,12
245208,Campinas,2021-03-11,61190,347,1983,10
245853,Campinas,2021-03-12,61499,309,1995,12
246498,Campinas,2021-03-13,61977,478,2011,16
247143,Campinas,2021-03-14,62153,176,2016,5
247788,Campinas,2021-03-15,62190,37,2018,2
248433,Campinas,2021-03-16,62572,382,2042,24
249078,Campinas,2021-03-17,63006,434,2067,25
249723,Campinas,2021-03-18,63386,380,2096,29
250368,Campinas,2021-03-19,63705,319,2119,23
251013,Campinas,2021-03-20,64128,423,2143,24
251658,Campinas,2021-03-21,64340,212,2151,8
252303,Campinas,2021-03-22,64399,59,2152,1
252948,Campinas,2021-03-23,64808,409,2185,33
253593,Campinas,2021-03-24,65295,487,2199,14
254238,Campinas,2021-03-25,65659,364,2226,27
254883,Campinas,2021-03-26,66053,394,2252,26
255528,Campinas,2021-03-27,66485,432,2301,49
256173,Campinas,2021-03-28,66695,210,2309,8
256818,Campinas,2021-03-29,66784,89,2313,4
257463,Campinas,2021-03-30,67280,496,2362,49
258108,Campinas,2021-03-31,67696,416,2392,30
258753,Campinas,2021-04-01,68199,503,2431,39
259398,Campinas,2021-04-02,68476,277,2451,20
260043,Campinas,2021-04-03,68564,88,2458,7
260688,Campinas,2021-04-04,68639,75,2458,0
261333,Campinas,2021-04-05,68702,63,2464,6
261978,Campinas,2021-04-06,69222,520,2531,67
262623,Campinas,2021-04-07,69599,377,2559,28
263268,Campinas,2021-04-08,69987,388,2602,43
263913,Campinas,2021-04-09,70394,407,2626,24
264558,Campinas,2021-04-10,70778,384,2650,24
265203,Campinas,2021-04-11,70873,95,2660,10
265848,Campinas,2021-04-12,71013,140,2663,3
266493,Campinas,2021-04-13,71467,454,2706,43
267138,Campinas,2021-04-14,71863,396,2740,34
267783,Campinas,2021-04-15,72369,506,2768,28
268428,Campinas,2021-04-16,72729,360,2783,15
269073,Campinas,2021-04-17,73135,406,2818,35
269718,Campinas,2021-04-18,73187,52,2823,5
270363,Campinas,2021-04-19,73232,45,2825,2
271008,Campinas,2021-04-20,73644,412,2844,19
271653,Campinas,2021-04-21,74101,457,2871,27
272298,Campinas,2021-04-22,74236,135,2880,9
272943,Campinas,2021-04-23,74759,523,2897,17
273588,Campinas,2021-04-24,75208,449,2920,23
274233,Campinas,2021-04-25,75297,89,2920,0
274878,Campinas,2021-04-26,75332,35,2927,7
275523,Campinas,2021-04-27,75950,618,2964,37
276168,Campinas,2021-04-28,76226,276,2986,22
276813,Campinas,2021-04-29,76529,303,3012,26
277458,Campinas,2021-04-30,76842,313,3018,6
278103,Campinas,2021-05-01,77161,319,3034,16
278748,Campinas,2021-05-02,77205,44,3039,5
279393,Campinas,2021-05-03,77229,24,3040,1
280038,Campinas,2021-05-04,77662,433,3057,17
280683,Campinas,2021-05-05,78105,443,3076,19
281328,Campinas,2021-05-06,78410,305,3098,22
281973,Campinas,2021-05-07,78824,414,3110,12
282618,Campinas,2021-05-08,79101,277,3129,19
283263,Campinas,2021-05-09,79146,45,3129,0
283908,Campinas,2021-05-10,79166,20,3129,0
284553,Campinas,2021-05-11,79468,302,3160,31
285198,Campinas,2021-05-12,79653,185,3174,14
285843,Campinas,2021-05-13,79839,186,3184,10
286488,Campinas,2021-05-14,80166,327,3193,9
287133,Campinas,2021-05-15,80696,530,3201,8
287778,Campinas,2021-05-16,80734,38,3201,0
288423,Campinas,2021-05-17,80767,33,3201,0
289068,Campinas,2021-05-18,81215,448,3218,17
289713,Campinas,2021-05-19,81526,311,3231,13
290358,Campinas,2021-05-20,81862,336,3241,10
291003,Campinas,2021-05-21,82118,256,3252,11
291648,Campinas,2021-05-22,82687,569,3263,11
292293,Campinas,2021-05-23,82879,192,3265,2
292938,Campinas,2021-05-24,82955,76,3266,1
293583,Campinas,2021-05-25,83342,387,3291,25
294228,Campinas,2021-05-26,83563,221,3308,17
294873,Campinas,2021-05-27,83805,242,3312,4
295518,Campinas,2021-05-28,83829,24,3315,3
296163,Campinas,2021-05-29,84111,282,3327,12
296808,Campinas,2021-05-30,84196,85,3327,0
297453,Campinas,2021-05-31,84236,40,3329,2
298098,Campinas,2021-06-01,84668,432,3352,23
298743,Campinas,2021-06-02,85114,446,3360,8
299388,Campinas,2021-06-03,85400,286,3373,13
300033,Campinas,2021-06-04,85475,75,3373,0
300678,Campinas,2021-06-05,85760,285,3381,8
301323,Campinas,2021-06-06,85805,45,3385,4
301968,Campinas,2021-06-07,85876,71,3385,0
302613,Campinas,2021-06-08,86094,218,3408,23
303258,Campinas,2021-06-09,86163,69,3428,20
303903,Campinas,2021-06-10,86681,518,3452,24
304548,Campinas,2021-06-11,87106,425,3472,20
305193,Campinas,2021-06-12,87523,417,3481,9
305838,Campinas,2021-06-13,87628,105,3483,2
306483,Campinas,2021-06-14,87706,78,3483,0
307128,Campinas,2021-06-15,88340,634,3503,20
307773,Campinas,2021-06-16,88844,504,3521,18
308418,Campinas,2021-06-17,89223,379,3543,22
309063,Campinas,2021-06-18,89856,633,3560,17
309708,Campinas,2021-06-19,90439,583,3587,27
310353,Campinas,2021-06-20,90592,153,3591,4
310998,Campinas,2021-06-21,90734,142,3593,2
311643,Campinas,2021-06-22,91275,541,3615,22
312288,Campinas,2021-06-23,91782,507,3636,21
312933,Campinas,2021-06-24,92258,476,3651,15
313578,Campinas,2021-06-25,92739,481,3672,21
314223,Campinas,2021-06-26,93260,521,3688,16
314868,Campinas,2021-06-27,93428,168,3690,2
315513,Campinas,2021-06-28,93491,63,3692,2
316158,Campinas,2021-06-29,94041,550,3711,19
316803,Campinas,2021-06-30,94263,222,3737,26
317448,Campinas,2021-07-01,94658,395,3760,23
318093,Campinas,2021-07-02,95246,588,3780,20
318738,Campinas,2021-07-03,95659,413,3788,8
319383,Campinas,2021-07-04,95716,57,3789,1
320028,Campinas,2021-07-05,95793,77,3791,2
320673,Campinas,2021-07-06,96320,527,3818,27
321318,Campinas,2021-07-07,96685,365,3838,20
321963,Campinas,2021-07-08,96991,306,3853,15
322608,Campinas,2021-07-09,97399,408,3866,13
323253,Campinas,2021-07-10,97507,108,3869,3
323898,Campinas,2021-07-11,97571,64,3870,1
324543,Campinas,2021-07-12,97636,65,3870,0
325188,Campinas,2021-07-13,97875,239,3910,40
325833,Campinas,2021-07-14,98283,408,3923,13
326478,Campinas,2021-07-15,98561,278,3936,13
327123,Campinas,2021-07-16,98965,404,3942,6
327768,Campinas,2021-07-17,99546,581,3964,22
328413,Campinas,2021-07-18,99603,57,3964,0
329058,Campinas,2021-07-19,99640,37,3968,4
329703,Campinas,2021-07-20,99742,102,3995,27
330348,Campinas,2021-07-21,100193,451,4004,9
330993,Campinas,2021-07-22,100600,407,4021,17
331638,Campinas,2021-07-23,100980,380,4027,6
332283,Campinas,2021-07-24,101241,261,4042,15
332928,Campinas,2021-07-25,101297,56,4042,0
333573,Campinas,2021-07-26,101335,38,4042,0
334218,Campinas,2021-07-27,101670,335,4052,10
334863,Campinas,2021-07-28,102196,526,4064,12
335508,Campinas,2021-07-29,102494,298,4080,16
336153,Campinas,2021-07-30,102733,239,4088,8
336798,Campinas,2021-07-31,103042,309,4097,9
337443,Campinas,2021-08-01,103105,63,4099,2
338088,Campinas,2021-08-02,103162,57,4099,0
338733,Campinas,2021-08-03,103642,480,4113,14
339378,Campinas,2021-08-04,104157,515,4131,18
340023,Campinas,2021-08-05,104415,258,4140,9
340668,Campinas,2021-08-06,104629,214,4146,6
341313,Campinas,2021-08-07,104901,272,4154,8
341958,Campinas,2021-08-08,104971,70,4154,0
342603,Campinas,2021-08-09,105014,43,4154,0
343248,Campinas,2021-08-10,105349,335,4170,16
343893,Campinas,2021-08-11,105602,253,4182,12
344538,Campinas,2021-08-12,105927,325,4195,13
345183,Campinas,2021-08-13,106226,299,4198,3
345828,Campinas,2021-08-14,106526,300,4219,21
346473,Campinas,2021-08-15,106717,191,4224,5
347118,Campinas,2021-08-16,106731,14,4224,0
347763,Campinas,2021-08-17,107003,272,4242,18
348408,Campinas,2021-08-18,107184,181,4249,7
349053,Campinas,2021-08-19,107425,241,4255,6
349698,Campinas,2021-08-20,107629,204,4261,6
350343,Campinas,2021-08-21,107824,195,4272,11
350988,Campinas,2021-08-22,107977,153,4272,0
351633,Campinas,2021-08-23,108000,23,4274,2
352278,Campinas,2021-08-24,108282,282,4281,7
352923,Campinas,2021-08-25,108462,180,4301,20
353568,Campinas,2021-08-26,108690,228,4311,10
354213,Campinas,2021-08-27,109097,407,4319,8
354858,Campinas,2021-08-28,109290,193,4326,7
355503,Campinas,2021-08-29,109360,70,4327,1
356148,Campinas,2021-08-30,109398,38,4327,0
356793,Campinas,2021-08-31,109628,230,4336,9
357438,Campinas,2021-09-01,109809,181,4346,10
358083,Campinas,2021-09-02,110043,234,4352,6
358728,Campinas,2021-09-03,110275,232,4372,20
359373,Campinas,2021-09-04,110556,281,4378,6
360018,Campinas,2021-09-05,110676,120,4378,0
360663,Campinas,2021-09-06,110736,60,4378,0
361308,Campinas,2021-09-07,110900,164,4380,2
361953,Campinas,2021-09-08,111033,133,4380,0
362598,Campinas,2021-09-09,111074,41,4391,11
363243,Campinas,2021-09-10,111096,22,4403,12
363888,Campinas,2021-09-11,111115,19,4413,10
364533,Campinas,2021-09-12,111133,18,4413,0
365178,Campinas,2021-09-13,111138,5,4416,3
365823,Campinas,2021-09-14,111143,5,4425,9
366468,Campinas,2021-09-15,111147,4,4437,12
367113,Campinas,2021-09-16,111152,5,4439,2
367758,Campinas,2021-09-17,112232,1080,4443,4
368403,Campinas,2021-09-18,112258,26,4446,3
369048,Campinas,2021-09-19,112285,27,4446,0
369693,Campinas,2021-09-20,112285,0,4446,0
370338,Campinas,2021-09-21,112492,207,4449,3
370983,Campinas,2021-09-22,112624,132,4461,12
371628,Campinas,2021-09-23,112745,121,4464,3
372273,Campinas,2021-09-24,112773,28,4467,3
372918,Campinas,2021-09-25,112841,68,4471,4
373563,Campinas,2021-09-26,112855,14,4472,1
374208,Campinas,2021-09-27,112858,3,4472,0
374853,Campinas,2021-09-28,112924,66,4484,12
375498,Campinas,2021-09-29,112998,74,4485,1
376143,Campinas,2021-09-30,113090,92,4490,5
376788,Campinas,2021-10-01,113179,89,4494,4
377433,Campinas,2021-10-02,113220,41,4500,6
378078,Campinas,2021-10-03,113262,42,4502,2
378723,Campinas,2021-10-04,113263,1,4502,0
379368,Campinas,2021-10-05,113332,69,4508,6
380013,Campinas,2021-10-06,113432,100,4509,1
380658,Campinas,2021-10-07,113590,158,4512,3
381303,Campinas,2021-10-08,113691,101,4516,4
381948,Campinas,2021-10-09,113707,16,4518,2
382593,Campinas,2021-10-10,113723,16,4518,0
383238,Campinas,2021-10-11,113739,16,4519,1
383883,Campinas,2021-10-12,113755,16,4520,1
384528,Campinas,2021-10-13,113757,2,4520,0
385173,Campinas,2021-10-14,113798,41,4529,9
385818,Campinas,2021-10-15,113861,63,4533,4
386463,Campinas,2021-10-16,113920,59,4536,3
387108,Campinas,2021-10-17,113924,4,4536,0
387753,Campinas,2021-10-18,113926,2,4536,0
388398,Campinas,2021-10-19,113990,64,4543,7
389043,Campinas,2021-10-20,114052,62,4545,2
389688,Campinas,2021-10-21,114095,43,4548,3
390333,Campinas,2021-10-22,114129,34,4548,0
390978,Campinas,2021-10-23,114160,31,4551,3
391623,Campinas,2021-10-24,114162,2,4551,0
392268,Campinas,2021-10-25,114165,3,4552,1
392913,Campinas,2021-10-26,114247,82,4555,3
393558,Campinas,2021-10-27,114423,176,4558,3
394203,Campinas,2021-10-28,114683,260,4560,2
394848,Campinas,2021-10-29,114780,97,4565,5
395493,Campinas,2021-10-30,114842,62,4565,0
396138,Campinas,2021-10-31,115154,312,4566,1
396783,Campinas,2021-11-01,115163,9,4566,0
397428,Campinas,2021-11-02,115531,368,4566,0
398073,Campinas,2021-11-03,116022,491,4567,1
398718,Campinas,2021-11-04,116071,49,4573,6
399363,Campinas,2021-11-05,116117,46,4574,1
400008,Campinas,2021-11-06,116182,65,4578,4
400653,Campinas,2021-11-07,116186,4,4578,0
401298,Campinas,2021-11-08,116186,0,4578,0
401943,Campinas,2021-11-09,116206,20,4578,0
402588,Campinas,2021-11-10,116230,24,4578,0
403233,Campinas,2021-11-11,116330,100,4578,0
403878,Campinas,2021-11-12,116711,381,4589,11
404523,Campinas,2021-11-13,116731,20,4592,3
405168,Campinas,2021-11-14,116732,1,4592,0
405813,Campinas,2021-11-15,116732,0,4592,0
406458,Campinas,2021-11-16,116732,0,4592,0
407103,Campinas,2021-11-17,116780,48,4597,5
407748,Campinas,2021-11-18,116827,47,4601,4
408393,Campinas,2021-11-19,116855,28,4601,0
409038,Campinas,2021-11-20,116890,35,4604,3
409683,Campinas,2021-11-21,116890,0,4604,0
410328,Campinas,2021-11-22,116890,0,4604,0
410973,Campinas,2021-11-23,116914,24,4606,2
411618,Campinas,2021-11-24,116931,17,4607,1
412263,Campinas,2021-11-25,116945,14,4608,1
412908,Campinas,2021-11-26,116953,8,4610,2
413553,Campinas,2021-11-27,116975,22,4612,2
414198,Campinas,2021-11-28,116978,3,4612,0
414843,Campinas,2021-11-29,116980,2,4612,0
415488,Campinas,2021-11-30,117009,29,4613,1
416133,Campinas,2021-12-01,117032,23,4613,0
416778,Campinas,2021-12-02,117058,26,4614,1
417423,Campinas,2021-12-03,117087,29,4616,2
418068,Campinas,2021-12-04,117160,73,4618,2
418713,Campinas,2021-12-05,117161,1,4618,0
419358,Campinas,2021-12-06,117161,0,4618,0
420003,Campinas,2021-12-07,117177,16,4619,1
420648,Campinas,2021-12-08,117188,11,4623,4
421293,Campinas,2021-12-09,117195,7,4623,0
421938,Campinas,2021-12-10,117210,15,4626,3
422583,Campinas,2021-12-11,117210,0,4626,0
423228,Campinas,2021-12-12,117210,0,4626,0
423873,Campinas,2021-12-13,117210,0,4626,0
424518,Campinas,2021-12-14,117210,0,4626,0
425163,Campinas,2021-12-15,117210,0,4626,0
425808,Campinas,2021-12-16,117210,0,4626,0
426453,Campinas,2021-12-17,117265,55,4630,4
427098,Campinas,2021-12-18,117266,1,4630,0
427743,Campinas,2021-12-19,117268,2,4630,0
428388,Campinas,2021-12-20,117270,2,4630,0
429033,Campinas,2021-12-21,117271,1,4630,0
429678,Campinas,2021-12-22,117272,1,4630,0
430323,Campinas,2021-12-23,117274,2,4630,0
430968,Campinas,2021-12-24,117274,0,4630,0
431613,Campinas,2021-12-25,117274,0,4630,0
432258,Campinas,2021-12-26,117274,0,4630,0
432903,Campinas,2021-12-27,117274,0,4630,0
433548,Campinas,2021-12-28,117290,16,4630,0
434193,Campinas,2021-12-29,117290,0,4630,0
434838,Campinas,2021-12-30,117396,106,4632,2
435483,Campinas,2021-12-31,117404,8,4632,0
436128,Campinas,2022-01-01,117413,9,4632,0
436773,Campinas,2022-01-02,117415,2,4632,0
437418,Campinas,2022-01-03,117416,1,4632,0
438063,Campinas,2022-01-04,117451,35,4633,1
438708,Campinas,2022-01-05,117564,113,4633,0
439353,Campinas,2022-01-06,117586,22,4633,0
439998,Campinas,2022-01-07,117713,127,4634,1
440643,Campinas,2022-01-08,117861,148,4634,0
441288,Campinas,2022-01-09,117908,47,4634,0
441933,Campinas,2022-01-10,117952,44,4634,0
442578,Campinas,2022-01-11,118097,145,4634,0
443223,Campinas,2022-01-12,118199,102,4635,1
443868,Campinas,2022-01-13,118350,151,4637,2
444513,Campinas,2022-01-14,118711,361,4641,4
445158,Campinas,2022-01-15,118717,6,4641,0
445803,Campinas,2022-01-16,118728,11,4641,0
446448,Campinas,2022-01-17,118730,2,4641,0
447093,Campinas,2022-01-18,119057,327,4645,4
447738,Campinas,2022-01-19,119403,346,4647,2
448383,Campinas,2022-01-20,119868,465,4655,8
449028,Campinas,2022-01-21,120185,317,4658,3
449673,Campinas,2022-01-22,120523,338,4664,6
450318,Campinas,2022-01-23,120562,39,4664,0
450963,Campinas,2022-01-24,120596,34,4665,1
451608,Campinas,2022-01-25,121013,417,4668,3
452253,Campinas,2022-01-26,121220,207,4671,3
452898,Campinas,2022-01-27,121366,146,4679,8
453543,Campinas,2022-01-28,121610,244,4686,7
454188,Campinas,2022-01-29,121819,209,4697,11
454833,Campinas,2022-01-30,123100,1281,4698,1
455478,Campinas,2022-01-31,123396,296,4698,0
456123,Campinas,2022-02-01,123749,353,4710,12
456768,Campinas,2022-02-02,123794,45,4723,13
457413,Campinas,2022-02-03,125895,2101,4735,12
458058,Campinas,2022-02-04,126525,630,4751,16
458703,Campinas,2022-02-05,127030,505,4757,6
459348,Campinas,2022-02-06,127043,13,4759,2
459993,Campinas,2022-02-07,127062,19,4759,0
460638,Campinas,2022-02-08,127522,460,4781,22
461283,Campinas,2022-02-09,127672,150,4801,20
461928,Campinas,2022-02-10,127765,93,4814,13
462573,Campinas,2022-02-11,128131,366,4831,17
463218,Campinas,2022-02-12,128421,290,4848,17
463863,Campinas,2022-02-13,128516,95,4852,4
464508,Campinas,2022-02-14,128530,14,4852,0
465153,Campinas,2022-02-15,128824,294,4866,14
465798,Campinas,2022-02-16,129499,675,4871,5
466443,Campinas,2022-02-17,130134,635,4877,6
467088,Campinas,2022-02-18,130301,167,4880,3
467733,Campinas,2022-02-19,130764,463,4886,6
468378,Campinas,2022-02-20,130802,38,4887,1
469023,Campinas,2022-02-21,130803,1,4887,0
469668,Campinas,2022-02-22,131093,290,4894,7
470313,Campinas,2022-02-23,131397,304,4906,12
470958,Campinas,2022-02-24,131647,250,4912,6
471603,Campinas,2022-02-25,131772,125,4917,5
472248,Campinas,2022-02-26,131904,132,4935,18
472893,Campinas,2022-02-27,131911,7,4935,0
473538,Campinas,2022-02-28,131912,1,4935,0
474183,Campinas,2022-03-01,131923,11,4936,1
474828,Campinas,2022-03-02,131927,4,4936,0
475473,Campinas,2022-03-03,132011,84,4946,10
476118,Campinas,2022-03-04,132428,417,4955,9
476763,Campinas,2022-03-05,132617,189,4957,2
477408,Campinas,2022-03-06,132631,14,4957,0
478053,Campinas,2022-03-07,132639,8,4957,0
478698,Campinas,2022-03-08,132757,118,4964,7
479343,Campinas,2022-03-09,132853,96,4970,6
479988,Campinas,2022-03-10,132983,130,4975,5
480633,Campinas,2022-03-11,133682,699,4975,0
481278,Campinas,2022-03-12,134500,818,4980,5
481923,Campinas,2022-03-13,135815,1315,4980,0
482568,Campinas,2022-03-14,136284,469,4985,5
483213,Campinas,2022-03-15,137900,1616,4986,1
483858,Campinas,2022-03-16,138691,791,4990,4
484503,Campinas,2022-03-17,139777,1086,4993,3
485148,Campinas,2022-03-18,140854,1077,4997,4
485793,Campinas,2022-03-19,141831,977,5000,3
486438,Campinas,2022-03-20,143534,1703,5000,0
487083,Campinas,2022-03-21,143793,259,5000,0
487728,Campinas,2022-03-22,145237,1444,5001,1
488373,Campinas,2022-03-23,146401,1164,5007,6
489018,Campinas,2022-03-24,147425,1024,5009,2
489663,Campinas,2022-03-25,148353,928,5013,4
490308,Campinas,2022-03-26,149477,1124,5014,1
490953,Campinas,2022-03-27,149517,40,5014,0
491598,Campinas,2022-03-28,149633,116,5014,0
492243,Campinas,2022-03-29,150094,461,5018,4
492888,Campinas,2022-03-30,150575,481,5020,2
493533,Campinas,2022-03-31,151130,555,5023,3
494178,Campinas,2022-04-01,151607,477,5028,5
494823,Campinas,2022-04-02,152489,882,5032,4
495468,Campinas,2022-04-03,153414,925,5032,0
496113,Campinas,2022-04-04,153483,69,5033,1
496758,Campinas,2022-04-05,153841,358,5035,2
497403,Campinas,2022-04-06,153909,68,5038,3
498048,Campinas,2022-04-07,154026,117,5044,6
498693,Campinas,2022-04-08,154098,72,5050,6
499338,Campinas,2022-04-09,154244,146,5050,0
499983,Campinas,2022-04-10,154252,8,5050,0
500628,Campinas,2022-04-11,154252,0,5051,1
501273,Campinas,2022-04-12,154715,463,5052,1
