,cidade,date,new_confirmed,new_deceased,new_recovered,total_confirmed,total_deceased,total_recovered
1128,Jerusalem,2020-03-11,,,,0.0,0.0,0.0
1129,Jerusalem,2020-03-12,0.0,0.0,0.0,0.0,0.0,0.0
1130,Jerusalem,2020-03-13,4.0,0.0,0.0,4.0,0.0,0.0
1131,Jerusalem,2020-03-14,1.0,0.0,0.0,5.0,0.0,0.0
1132,Jerusalem,2020-03-15,3.0,0.0,0.0,8.0,0.0,0.0
1133,Jerusalem,2020-03-16,5.0,0.0,0.0,13.0,0.0,0.0
1134,Jerusalem,2020-03-17,9.0,0.0,0.0,22.0,0.0,0.0
1135,Jerusalem,2020-03-18,9.0,0.0,0.0,31.0,0.0,0.0
1136,Jerusalem,2020-03-19,6.0,0.0,0.0,37.0,0.0,0.0
1137,Jerusalem,2020-03-20,1.0,1.0,0.0,38.0,1.0,0.0
1138,Jerusalem,2020-03-21,18.0,0.0,0.0,56.0,1.0,0.0
1139,Jerusalem,2020-03-22,8.0,0.0,0.0,64.0,1.0,0.0
1140,Jerusalem,2020-03-23,12.0,0.0,0.0,76.0,1.0,0.0
1141,Jerusalem,2020-03-24,22.0,0.0,1.0,98.0,1.0,1.0
1142,Jerusalem,2020-03-25,25.0,0.0,0.0,123.0,1.0,1.0
1143,Jerusalem,2020-03-26,6.0,1.0,0.0,129.0,2.0,1.0
1144,Jerusalem,2020-03-27,7.0,0.0,4.0,136.0,2.0,5.0
1145,Jerusalem,2020-03-28,26.0,0.0,0.0,162.0,2.0,5.0
1146,Jerusalem,2020-03-29,35.0,2.0,1.0,197.0,4.0,6.0
1147,Jerusalem,2020-03-30,96.0,0.0,1.0,293.0,4.0,7.0
1148,Jerusalem,2020-03-31,56.0,0.0,2.0,349.0,4.0,9.0
1149,Jerusalem,2020-04-01,124.0,2.0,3.0,473.0,6.0,12.0
1150,Jerusalem,2020-04-02,130.0,1.0,5.0,603.0,7.0,17.0
1151,Jerusalem,2020-04-03,111.0,0.0,3.0,714.0,7.0,20.0
1152,Jerusalem,2020-04-04,109.0,1.0,3.0,823.0,8.0,23.0
1153,Jerusalem,2020-04-05,156.0,2.0,5.0,979.0,10.0,28.0
1154,Jerusalem,2020-04-06,64.0,1.0,8.0,1043.0,11.0,36.0
1155,Jerusalem,2020-04-07,95.0,0.0,4.0,1138.0,11.0,40.0
1156,Jerusalem,2020-04-08,114.0,1.0,1.0,1252.0,12.0,41.0
1157,Jerusalem,2020-04-09,142.0,0.0,4.0,1394.0,12.0,45.0
1158,Jerusalem,2020-04-10,117.0,2.0,5.0,1511.0,14.0,50.0
1159,Jerusalem,2020-04-11,122.0,1.0,1.0,1633.0,15.0,51.0
1160,Jerusalem,2020-04-12,138.0,2.0,16.0,1771.0,17.0,67.0
1161,Jerusalem,2020-04-13,107.0,1.0,6.0,1878.0,18.0,73.0
1162,Jerusalem,2020-04-14,79.0,1.0,14.0,1957.0,19.0,87.0
1163,Jerusalem,2020-04-15,69.0,1.0,6.0,2026.0,20.0,93.0
1164,Jerusalem,2020-04-16,53.0,0.0,7.0,2079.0,20.0,100.0
1165,Jerusalem,2020-04-17,56.0,2.0,5.0,2135.0,22.0,105.0
1166,Jerusalem,2020-04-18,57.0,1.0,15.0,2192.0,23.0,120.0
1167,Jerusalem,2020-04-19,115.0,1.0,27.0,2307.0,24.0,147.0
1168,Jerusalem,2020-04-20,80.0,2.0,37.0,2387.0,26.0,184.0
1169,Jerusalem,2020-04-21,79.0,3.0,11.0,2466.0,29.0,195.0
1170,Jerusalem,2020-04-22,65.0,1.0,6.0,2531.0,30.0,201.0
1171,Jerusalem,2020-04-23,49.0,1.0,39.0,2580.0,31.0,240.0
1172,Jerusalem,2020-04-24,98.0,0.0,31.0,2678.0,31.0,271.0
1173,Jerusalem,2020-04-25,59.0,0.0,54.0,2737.0,31.0,325.0
1174,Jerusalem,2020-04-26,12.0,0.0,137.0,2749.0,31.0,462.0
1175,Jerusalem,2020-04-27,25.0,0.0,90.0,2774.0,31.0,552.0
1176,Jerusalem,2020-04-28,55.0,0.0,184.0,2829.0,31.0,736.0
1177,Jerusalem,2020-04-29,32.0,0.0,155.0,2861.0,31.0,891.0
1178,Jerusalem,2020-04-30,51.0,1.0,200.0,2912.0,32.0,1091.0
1179,Jerusalem,2020-05-01,45.0,0.0,100.0,2957.0,32.0,1191.0
1180,Jerusalem,2020-05-02,19.0,0.0,97.0,2976.0,32.0,1288.0
1181,Jerusalem,2020-05-03,4.0,0.0,95.0,2980.0,32.0,1383.0
1182,Jerusalem,2020-05-04,4.0,0.0,42.0,2984.0,32.0,1425.0
1183,Jerusalem,2020-05-05,6.0,0.0,105.0,2990.0,32.0,1530.0
1184,Jerusalem,2020-05-06,30.0,0.0,101.0,3020.0,32.0,1631.0
1185,Jerusalem,2020-05-07,10.0,0.0,37.0,3030.0,32.0,1668.0
1186,Jerusalem,2020-05-08,8.0,0.0,74.0,3038.0,32.0,1742.0
1187,Jerusalem,2020-05-09,1.0,0.0,33.0,3039.0,32.0,1775.0
1188,Jerusalem,2020-05-10,1.0,1.0,44.0,3040.0,33.0,1819.0
1189,Jerusalem,2020-05-11,6.0,1.0,145.0,3046.0,34.0,1964.0
1190,Jerusalem,2020-05-12,6.0,0.0,64.0,3052.0,34.0,2028.0
1191,Jerusalem,2020-05-13,19.0,0.0,48.0,3071.0,34.0,2076.0
1192,Jerusalem,2020-05-14,2.0,1.0,82.0,3073.0,35.0,2158.0
1193,Jerusalem,2020-05-15,3.0,0.0,57.0,3076.0,35.0,2215.0
1194,Jerusalem,2020-05-16,0.0,0.0,30.0,3076.0,35.0,2245.0
1195,Jerusalem,2020-05-17,0.0,1.0,43.0,3076.0,36.0,2288.0
1196,Jerusalem,2020-05-18,6.0,0.0,74.0,3082.0,36.0,2362.0
1197,Jerusalem,2020-05-19,2.0,0.0,34.0,3084.0,36.0,2396.0
1198,Jerusalem,2020-05-20,1.0,0.0,25.0,3085.0,36.0,2421.0
1199,Jerusalem,2020-05-21,2.0,0.0,54.0,3087.0,36.0,2475.0
1200,Jerusalem,2020-05-22,4.0,0.0,44.0,3091.0,36.0,2519.0
1201,Jerusalem,2020-05-23,0.0,0.0,18.0,3091.0,36.0,2537.0
1202,Jerusalem,2020-05-24,2.0,0.0,46.0,3093.0,36.0,2583.0
1203,Jerusalem,2020-05-25,7.0,0.0,58.0,3100.0,36.0,2641.0
1204,Jerusalem,2020-05-26,3.0,0.0,13.0,3103.0,36.0,2654.0
1205,Jerusalem,2020-05-27,5.0,0.0,11.0,3108.0,36.0,2665.0
1206,Jerusalem,2020-05-28,9.0,0.0,17.0,3117.0,36.0,2682.0
1207,Jerusalem,2020-05-29,55.0,0.0,21.0,3172.0,36.0,2703.0
1208,Jerusalem,2020-05-30,7.0,0.0,6.0,3179.0,36.0,2709.0
1209,Jerusalem,2020-05-31,38.0,0.0,5.0,3217.0,36.0,2714.0
1210,Jerusalem,2020-06-01,12.0,0.0,11.0,3229.0,36.0,2725.0
1211,Jerusalem,2020-06-02,29.0,0.0,8.0,3258.0,36.0,2733.0
1212,Jerusalem,2020-06-03,8.0,0.0,6.0,3266.0,36.0,2739.0
1213,Jerusalem,2020-06-04,33.0,0.0,2.0,3299.0,36.0,2741.0
1214,Jerusalem,2020-06-05,24.0,0.0,5.0,3323.0,36.0,2746.0
1215,Jerusalem,2020-06-06,6.0,0.0,3.0,3329.0,36.0,2749.0
1216,Jerusalem,2020-06-07,7.0,0.0,10.0,3336.0,36.0,2759.0
1217,Jerusalem,2020-06-08,13.0,0.0,3.0,3349.0,36.0,2762.0
1218,Jerusalem,2020-06-09,8.0,0.0,6.0,3357.0,36.0,2768.0
1219,Jerusalem,2020-06-10,11.0,0.0,8.0,3368.0,36.0,2776.0
1220,Jerusalem,2020-06-11,6.0,0.0,9.0,3374.0,36.0,2785.0
1221,Jerusalem,2020-06-12,21.0,0.0,7.0,3395.0,36.0,2792.0
1222,Jerusalem,2020-06-13,4.0,0.0,5.0,3399.0,36.0,2797.0
1223,Jerusalem,2020-06-14,6.0,0.0,6.0,3405.0,36.0,2803.0
1224,Jerusalem,2020-06-15,22.0,0.0,10.0,3427.0,36.0,2813.0
1225,Jerusalem,2020-06-16,17.0,0.0,9.0,3444.0,36.0,2822.0
1226,Jerusalem,2020-06-17,14.0,0.0,10.0,3458.0,36.0,2832.0
1227,Jerusalem,2020-06-18,26.0,0.0,9.0,3484.0,36.0,2841.0
1228,Jerusalem,2020-06-19,11.0,0.0,20.0,3495.0,36.0,2861.0
1229,Jerusalem,2020-06-20,15.0,0.0,4.0,3510.0,36.0,2865.0
1230,Jerusalem,2020-06-21,5.0,0.0,1.0,3515.0,36.0,2866.0
1231,Jerusalem,2020-06-22,37.0,0.0,36.0,3552.0,36.0,2902.0
1232,Jerusalem,2020-06-23,69.0,0.0,12.0,3621.0,36.0,2914.0
1233,Jerusalem,2020-06-24,49.0,0.0,6.0,3670.0,36.0,2920.0
1234,Jerusalem,2020-06-25,119.0,1.0,18.0,3789.0,37.0,2938.0
1235,Jerusalem,2020-06-26,36.0,1.0,17.0,3825.0,38.0,2955.0
1236,Jerusalem,2020-06-27,41.0,0.0,8.0,3866.0,38.0,2963.0
1237,Jerusalem,2020-06-28,19.0,0.0,12.0,3885.0,38.0,2975.0
1238,Jerusalem,2020-06-29,68.0,0.0,36.0,3953.0,38.0,3011.0
1239,Jerusalem,2020-06-30,101.0,0.0,12.0,4054.0,38.0,3023.0
1240,Jerusalem,2020-07-01,132.0,0.0,8.0,4186.0,38.0,3031.0
1241,Jerusalem,2020-07-02,237.0,0.0,11.0,4423.0,38.0,3042.0
1242,Jerusalem,2020-07-03,102.0,0.0,12.0,4525.0,38.0,3054.0
1243,Jerusalem,2020-07-04,132.0,0.0,7.0,4657.0,38.0,3061.0
1244,Jerusalem,2020-07-05,93.0,0.0,10.0,4750.0,38.0,3071.0
1245,Jerusalem,2020-07-06,217.0,0.0,10.0,4967.0,38.0,3081.0
1246,Jerusalem,2020-07-07,256.0,0.0,12.0,5223.0,38.0,3093.0
1247,Jerusalem,2020-07-08,190.0,1.0,27.0,5413.0,39.0,3120.0
1248,Jerusalem,2020-07-09,216.0,0.0,21.0,5629.0,39.0,3141.0
1249,Jerusalem,2020-07-10,228.0,0.0,7.0,5857.0,39.0,3148.0
1250,Jerusalem,2020-07-11,143.0,0.0,34.0,6000.0,39.0,3182.0
1251,Jerusalem,2020-07-12,167.0,0.0,43.0,6167.0,39.0,3225.0
1252,Jerusalem,2020-07-13,211.0,0.0,40.0,6378.0,39.0,3265.0
1253,Jerusalem,2020-07-14,278.0,1.0,25.0,6656.0,40.0,3290.0
1254,Jerusalem,2020-07-15,270.0,1.0,34.0,6926.0,41.0,3324.0
1255,Jerusalem,2020-07-16,340.0,0.0,33.0,7266.0,41.0,3357.0
1256,Jerusalem,2020-07-17,195.0,2.0,33.0,7461.0,43.0,3390.0
1257,Jerusalem,2020-07-18,282.0,0.0,66.0,7743.0,43.0,3456.0
1258,Jerusalem,2020-07-19,132.0,0.0,49.0,7875.0,43.0,3505.0
1259,Jerusalem,2020-07-20,307.0,0.0,58.0,8182.0,43.0,3563.0
1260,Jerusalem,2020-07-21,326.0,1.0,49.0,8508.0,44.0,3612.0
1261,Jerusalem,2020-07-22,313.0,0.0,638.0,8821.0,44.0,4250.0
1262,Jerusalem,2020-07-23,263.0,4.0,943.0,9084.0,48.0,5193.0
1263,Jerusalem,2020-07-24,414.0,0.0,244.0,9498.0,48.0,5437.0
1264,Jerusalem,2020-07-25,172.0,0.0,135.0,9670.0,48.0,5572.0
1265,Jerusalem,2020-07-26,162.0,0.0,434.0,9832.0,48.0,6006.0
1266,Jerusalem,2020-07-27,393.0,0.0,271.0,10225.0,48.0,6277.0
1267,Jerusalem,2020-07-28,327.0,1.0,274.0,10552.0,49.0,6551.0
1268,Jerusalem,2020-07-29,356.0,1.0,240.0,10908.0,50.0,6791.0
1269,Jerusalem,2020-07-30,328.0,0.0,340.0,11236.0,50.0,7131.0
1270,Jerusalem,2020-07-31,199.0,1.0,146.0,11435.0,51.0,7277.0
1271,Jerusalem,2020-08-01,121.0,1.0,69.0,11556.0,52.0,7346.0
1272,Jerusalem,2020-08-02,94.0,1.0,358.0,11650.0,53.0,7704.0
1273,Jerusalem,2020-08-03,268.0,0.0,310.0,11918.0,53.0,8014.0
1274,Jerusalem,2020-08-04,248.0,1.0,288.0,12166.0,54.0,8302.0
1275,Jerusalem,2020-08-05,257.0,0.0,318.0,12423.0,54.0,8620.0
1276,Jerusalem,2020-08-06,322.0,0.0,373.0,12745.0,54.0,8993.0
1277,Jerusalem,2020-08-07,364.0,2.0,170.0,13109.0,56.0,9163.0
1278,Jerusalem,2020-08-08,115.0,0.0,157.0,13224.0,56.0,9320.0
1279,Jerusalem,2020-08-09,132.0,2.0,430.0,13356.0,58.0,9750.0
1280,Jerusalem,2020-08-10,316.0,1.0,194.0,13672.0,59.0,9944.0
1281,Jerusalem,2020-08-11,317.0,0.0,108.0,13989.0,59.0,10052.0
1282,Jerusalem,2020-08-12,299.0,1.0,157.0,14288.0,60.0,10209.0
1283,Jerusalem,2020-08-13,263.0,0.0,192.0,14551.0,60.0,10401.0
1284,Jerusalem,2020-08-14,234.0,1.0,111.0,14785.0,61.0,10512.0
1285,Jerusalem,2020-08-15,97.0,1.0,154.0,14882.0,62.0,10666.0
1286,Jerusalem,2020-08-16,112.0,0.0,354.0,14994.0,62.0,11020.0
1287,Jerusalem,2020-08-17,235.0,0.0,167.0,15229.0,62.0,11187.0
1288,Jerusalem,2020-08-18,230.0,1.0,164.0,15459.0,63.0,11351.0
1289,Jerusalem,2020-08-19,231.0,2.0,291.0,15690.0,65.0,11642.0
1290,Jerusalem,2020-08-20,223.0,0.0,289.0,15913.0,65.0,11931.0
1291,Jerusalem,2020-08-21,254.0,0.0,160.0,16167.0,65.0,12091.0
1292,Jerusalem,2020-08-22,103.0,0.0,140.0,16270.0,65.0,12231.0
1293,Jerusalem,2020-08-23,151.0,3.0,348.0,16421.0,68.0,12579.0
1294,Jerusalem,2020-08-24,227.0,0.0,253.0,16648.0,68.0,12832.0
1295,Jerusalem,2020-08-25,237.0,2.0,135.0,16885.0,70.0,12967.0
1296,Jerusalem,2020-08-26,233.0,0.0,785.0,17118.0,70.0,13752.0
1297,Jerusalem,2020-08-27,262.0,1.0,253.0,17380.0,71.0,14005.0
1298,Jerusalem,2020-08-28,244.0,0.0,204.0,17624.0,71.0,14209.0
1299,Jerusalem,2020-08-29,104.0,0.0,140.0,17728.0,71.0,14349.0
1300,Jerusalem,2020-08-30,121.0,0.0,323.0,17849.0,71.0,14672.0
1301,Jerusalem,2020-08-31,252.0,1.0,185.0,18101.0,72.0,14857.0
1302,Jerusalem,2020-09-01,282.0,0.0,131.0,18383.0,72.0,14988.0
1303,Jerusalem,2020-09-02,407.0,0.0,192.0,18790.0,72.0,15180.0
1304,Jerusalem,2020-09-03,314.0,0.0,230.0,19104.0,72.0,15410.0
1305,Jerusalem,2020-09-04,342.0,0.0,101.0,19446.0,72.0,15511.0
1306,Jerusalem,2020-09-05,129.0,3.0,185.0,19575.0,75.0,15696.0
1307,Jerusalem,2020-09-06,345.0,0.0,271.0,19920.0,75.0,15967.0
1308,Jerusalem,2020-09-07,467.0,0.0,233.0,20387.0,75.0,16200.0
1309,Jerusalem,2020-09-08,400.0,0.0,220.0,20787.0,75.0,16420.0
1310,Jerusalem,2020-09-09,678.0,0.0,205.0,21465.0,75.0,16625.0
1311,Jerusalem,2020-09-10,453.0,0.0,278.0,21918.0,75.0,16903.0
1312,Jerusalem,2020-09-11,496.0,0.0,157.0,22414.0,75.0,17060.0
1313,Jerusalem,2020-09-12,302.0,1.0,224.0,22716.0,76.0,17284.0
1314,Jerusalem,2020-09-13,363.0,0.0,382.0,23079.0,76.0,17666.0
1315,Jerusalem,2020-09-14,592.0,0.0,309.0,23671.0,76.0,17975.0
1316,Jerusalem,2020-09-15,754.0,0.0,317.0,24425.0,76.0,18292.0
1317,Jerusalem,2020-09-16,530.0,1.0,335.0,24955.0,77.0,18627.0
1318,Jerusalem,2020-09-17,586.0,0.0,569.0,25541.0,77.0,19196.0
1319,Jerusalem,2020-09-18,598.0,0.0,394.0,26139.0,77.0,19590.0
1320,Jerusalem,2020-09-19,358.0,0.0,262.0,26497.0,77.0,19852.0
1321,Jerusalem,2020-09-20,154.0,0.0,428.0,26651.0,77.0,20280.0
1322,Jerusalem,2020-09-21,332.0,0.0,476.0,26983.0,77.0,20756.0
1323,Jerusalem,2020-09-22,763.0,0.0,457.0,27746.0,77.0,21213.0
1324,Jerusalem,2020-09-23,724.0,0.0,479.0,28470.0,77.0,21692.0
1325,Jerusalem,2020-09-24,971.0,0.0,607.0,29441.0,77.0,22299.0
1326,Jerusalem,2020-09-25,1047.0,0.0,502.0,30488.0,77.0,22801.0
1327,Jerusalem,2020-09-26,747.0,0.0,340.0,31235.0,77.0,23141.0
1328,Jerusalem,2020-09-27,368.0,0.0,455.0,31603.0,77.0,23596.0
1329,Jerusalem,2020-09-28,128.0,0.0,296.0,31731.0,77.0,23892.0
1330,Jerusalem,2020-09-29,627.0,0.0,568.0,32358.0,77.0,24460.0
1331,Jerusalem,2020-09-30,930.0,0.0,532.0,33288.0,77.0,24992.0
1332,Jerusalem,2020-10-01,1036.0,0.0,620.0,34324.0,77.0,25612.0
1333,Jerusalem,2020-10-02,950.0,1.0,567.0,35274.0,78.0,26179.0
1334,Jerusalem,2020-10-03,232.0,1.0,532.0,35506.0,79.0,26711.0
1335,Jerusalem,2020-10-04,334.0,0.0,784.0,35840.0,79.0,27495.0
1336,Jerusalem,2020-10-05,748.0,1.0,809.0,36588.0,80.0,28304.0
1337,Jerusalem,2020-10-06,648.0,0.0,824.0,37236.0,80.0,29128.0
1338,Jerusalem,2020-10-07,597.0,0.0,672.0,37833.0,80.0,29800.0
1339,Jerusalem,2020-10-08,467.0,2.0,508.0,38300.0,82.0,30308.0
1340,Jerusalem,2020-10-09,404.0,1.0,602.0,38704.0,83.0,30910.0
1341,Jerusalem,2020-10-10,90.0,0.0,500.0,38794.0,83.0,31410.0
1342,Jerusalem,2020-10-11,179.0,2.0,770.0,38973.0,85.0,32180.0
1343,Jerusalem,2020-10-12,497.0,1.0,830.0,39470.0,86.0,33010.0
1344,Jerusalem,2020-10-13,372.0,0.0,698.0,39842.0,86.0,33708.0
1345,Jerusalem,2020-10-14,358.0,1.0,781.0,40200.0,87.0,34489.0
1346,Jerusalem,2020-10-15,220.0,0.0,724.0,40420.0,87.0,35213.0
1347,Jerusalem,2020-10-16,278.0,16.0,423.0,40698.0,103.0,35636.0
1348,Jerusalem,2020-10-17,56.0,1.0,414.0,40754.0,104.0,36050.0
1349,Jerusalem,2020-10-18,124.0,1.0,568.0,40878.0,105.0,36618.0
1350,Jerusalem,2020-10-19,272.0,0.0,326.0,41150.0,105.0,36944.0
1351,Jerusalem,2020-10-20,198.0,0.0,212.0,41348.0,105.0,37156.0
1352,Jerusalem,2020-10-21,226.0,0.0,408.0,41574.0,105.0,37564.0
1353,Jerusalem,2020-10-22,156.0,1.0,416.0,41730.0,106.0,37980.0
1354,Jerusalem,2020-10-23,118.0,1.0,309.0,41848.0,107.0,38289.0
1355,Jerusalem,2020-10-24,30.0,1.0,196.0,41878.0,108.0,38485.0
1356,Jerusalem,2020-10-25,67.0,0.0,356.0,41945.0,108.0,38841.0
1357,Jerusalem,2020-10-26,187.0,2.0,149.0,42132.0,110.0,38990.0
1358,Jerusalem,2020-10-27,140.0,0.0,150.0,42272.0,110.0,39140.0
1359,Jerusalem,2020-10-28,110.0,0.0,189.0,42382.0,110.0,39329.0
1360,Jerusalem,2020-10-29,90.0,0.0,231.0,42472.0,110.0,39560.0
1361,Jerusalem,2020-10-30,97.0,0.0,145.0,42569.0,110.0,39705.0
1362,Jerusalem,2020-10-31,27.0,2.0,131.0,42596.0,112.0,39836.0
1363,Jerusalem,2020-11-01,59.0,0.0,193.0,42655.0,112.0,40029.0
1364,Jerusalem,2020-11-02,108.0,1.0,192.0,42763.0,113.0,40221.0
1365,Jerusalem,2020-11-03,111.0,0.0,79.0,42874.0,113.0,40300.0
1366,Jerusalem,2020-11-04,101.0,0.0,120.0,42975.0,113.0,40420.0
1367,Jerusalem,2020-11-05,77.0,0.0,135.0,43052.0,113.0,40555.0
1368,Jerusalem,2020-11-06,88.0,0.0,106.0,43140.0,113.0,40661.0
1369,Jerusalem,2020-11-07,26.0,0.0,86.0,43166.0,113.0,40747.0
1370,Jerusalem,2020-11-08,69.0,2.0,152.0,43235.0,115.0,40899.0
1371,Jerusalem,2020-11-09,106.0,0.0,205.0,43341.0,115.0,41104.0
1372,Jerusalem,2020-11-10,102.0,0.0,41.0,43443.0,115.0,41145.0
1373,Jerusalem,2020-11-11,115.0,1.0,129.0,43558.0,116.0,41274.0
1374,Jerusalem,2020-11-12,105.0,0.0,121.0,43663.0,116.0,41395.0
1375,Jerusalem,2020-11-13,71.0,0.0,81.0,43734.0,116.0,41476.0
1376,Jerusalem,2020-11-14,32.0,1.0,79.0,43766.0,117.0,41555.0
1377,Jerusalem,2020-11-15,67.0,0.0,123.0,43833.0,117.0,41678.0
1378,Jerusalem,2020-11-16,140.0,0.0,72.0,43973.0,117.0,41750.0
1379,Jerusalem,2020-11-17,127.0,0.0,77.0,44100.0,117.0,41827.0
1380,Jerusalem,2020-11-18,117.0,0.0,78.0,44217.0,117.0,41905.0
1381,Jerusalem,2020-11-19,104.0,0.0,102.0,44321.0,117.0,42007.0
1382,Jerusalem,2020-11-20,94.0,1.0,77.0,44415.0,118.0,42084.0
1383,Jerusalem,2020-11-21,54.0,0.0,82.0,44469.0,118.0,42166.0
1384,Jerusalem,2020-11-22,92.0,2.0,105.0,44561.0,120.0,42271.0
1385,Jerusalem,2020-11-23,139.0,1.0,79.0,44700.0,121.0,42350.0
1386,Jerusalem,2020-11-24,111.0,0.0,59.0,44811.0,121.0,42409.0
1387,Jerusalem,2020-11-25,144.0,1.0,158.0,44955.0,122.0,42567.0
1388,Jerusalem,2020-11-26,130.0,0.0,147.0,45085.0,122.0,42714.0
1389,Jerusalem,2020-11-27,149.0,0.0,98.0,45234.0,122.0,42812.0
1390,Jerusalem,2020-11-28,77.0,0.0,77.0,45311.0,122.0,42889.0
1391,Jerusalem,2020-11-29,127.0,1.0,134.0,45438.0,123.0,43023.0
1392,Jerusalem,2020-11-30,227.0,1.0,107.0,45665.0,124.0,43130.0
1393,Jerusalem,2020-12-01,179.0,1.0,63.0,45844.0,125.0,43193.0
1394,Jerusalem,2020-12-02,255.0,0.0,126.0,46099.0,125.0,43319.0
1395,Jerusalem,2020-12-03,213.0,0.0,145.0,46312.0,125.0,43464.0
1396,Jerusalem,2020-12-04,199.0,0.0,87.0,46511.0,125.0,43551.0
1397,Jerusalem,2020-12-05,121.0,1.0,119.0,46632.0,126.0,43670.0
1398,Jerusalem,2020-12-06,204.0,0.0,161.0,46836.0,126.0,43831.0
1399,Jerusalem,2020-12-07,313.0,1.0,111.0,47149.0,127.0,43942.0
1400,Jerusalem,2020-12-08,318.0,0.0,94.0,47467.0,127.0,44036.0
1401,Jerusalem,2020-12-09,337.0,0.0,171.0,47804.0,127.0,44207.0
1402,Jerusalem,2020-12-10,350.0,1.0,219.0,48154.0,128.0,44426.0
1403,Jerusalem,2020-12-11,316.0,1.0,139.0,48470.0,129.0,44565.0
1404,Jerusalem,2020-12-12,194.0,1.0,171.0,48664.0,130.0,44736.0
1405,Jerusalem,2020-12-13,248.0,2.0,243.0,48912.0,132.0,44979.0
1406,Jerusalem,2020-12-14,447.0,0.0,148.0,49359.0,132.0,45127.0
1407,Jerusalem,2020-12-15,594.0,0.0,151.0,49953.0,132.0,45278.0
1408,Jerusalem,2020-12-16,503.0,1.0,312.0,50456.0,133.0,45590.0
1409,Jerusalem,2020-12-17,566.0,0.0,344.0,51022.0,133.0,45934.0
1410,Jerusalem,2020-12-18,546.0,0.0,278.0,51568.0,133.0,46212.0
1411,Jerusalem,2020-12-19,294.0,2.0,254.0,51862.0,135.0,46466.0
1412,Jerusalem,2020-12-20,454.0,0.0,369.0,52316.0,135.0,46835.0
1413,Jerusalem,2020-12-21,830.0,0.0,216.0,53146.0,135.0,47051.0
1414,Jerusalem,2020-12-22,918.0,1.0,271.0,54064.0,136.0,47322.0
1415,Jerusalem,2020-12-23,918.0,0.0,346.0,54982.0,136.0,47668.0
1416,Jerusalem,2020-12-24,750.0,1.0,507.0,55732.0,137.0,48175.0
1417,Jerusalem,2020-12-25,751.0,0.0,484.0,56483.0,137.0,48659.0
1418,Jerusalem,2020-12-26,423.0,0.0,475.0,56906.0,137.0,49134.0
1419,Jerusalem,2020-12-27,600.0,2.0,744.0,57506.0,139.0,49878.0
1420,Jerusalem,2020-12-28,1068.0,1.0,403.0,58574.0,140.0,50281.0
1421,Jerusalem,2020-12-29,1111.0,0.0,338.0,59685.0,140.0,50619.0
1422,Jerusalem,2020-12-30,1107.0,0.0,822.0,60792.0,140.0,51441.0
1423,Jerusalem,2020-12-31,1102.0,2.0,860.0,61894.0,142.0,52301.0
1424,Jerusalem,2021-01-01,1169.0,2.0,731.0,63063.0,144.0,53032.0
1425,Jerusalem,2021-01-02,731.0,15.0,422.0,63794.0,159.0,53454.0
1426,Jerusalem,2021-01-03,908.0,0.0,948.0,64702.0,159.0,54402.0
1427,Jerusalem,2021-01-04,1611.0,0.0,578.0,66313.0,159.0,54980.0
1428,Jerusalem,2021-01-05,1642.0,0.0,425.0,67955.0,159.0,55405.0
1429,Jerusalem,2021-01-06,1351.0,18.0,992.0,69306.0,177.0,56397.0
1430,Jerusalem,2021-01-07,1507.0,2.0,1104.0,70813.0,179.0,57501.0
1431,Jerusalem,2021-01-08,1624.0,1.0,994.0,72437.0,180.0,58495.0
1432,Jerusalem,2021-01-09,1022.0,0.0,701.0,73459.0,180.0,59196.0
1433,Jerusalem,2021-01-10,1243.0,1.0,1482.0,74702.0,181.0,60678.0
1434,Jerusalem,2021-01-11,1916.0,0.0,998.0,76618.0,181.0,61676.0
1435,Jerusalem,2021-01-12,1794.0,1.0,690.0,78412.0,182.0,62366.0
1436,Jerusalem,2021-01-13,1862.0,1.0,1832.0,80274.0,183.0,64198.0
1437,Jerusalem,2021-01-14,1828.0,17.0,1822.0,82102.0,200.0,66020.0
1438,Jerusalem,2021-01-15,1844.0,15.0,1432.0,83946.0,215.0,67452.0
1439,Jerusalem,2021-01-16,944.0,0.0,1122.0,84890.0,215.0,68574.0
1440,Jerusalem,2021-01-17,993.0,2.0,1890.0,85883.0,217.0,70464.0
1441,Jerusalem,2021-01-18,2009.0,1.0,1178.0,87892.0,218.0,71642.0
1442,Jerusalem,2021-01-19,1573.0,2.0,1095.0,89465.0,220.0,72737.0
1443,Jerusalem,2021-01-20,1608.0,2.0,1919.0,91073.0,222.0,74656.0
1444,Jerusalem,2021-01-21,1414.0,2.0,1993.0,92487.0,224.0,76649.0
1445,Jerusalem,2021-01-22,1182.0,0.0,1643.0,93669.0,224.0,78292.0
1446,Jerusalem,2021-01-23,362.0,0.0,1166.0,94031.0,224.0,79458.0
1447,Jerusalem,2021-01-24,751.0,2.0,1810.0,94782.0,226.0,81268.0
1448,Jerusalem,2021-01-25,1616.0,0.0,906.0,96398.0,226.0,82174.0
1449,Jerusalem,2021-01-26,1303.0,4.0,881.0,97701.0,230.0,83055.0
1450,Jerusalem,2021-01-27,1198.0,0.0,1672.0,98899.0,230.0,84727.0
1451,Jerusalem,2021-01-28,1139.0,1.0,1815.0,100038.0,231.0,86542.0
1452,Jerusalem,2021-01-29,959.0,2.0,1461.0,100997.0,233.0,88003.0
1453,Jerusalem,2021-01-30,329.0,0.0,892.0,101326.0,233.0,88895.0
1454,Jerusalem,2021-01-31,748.0,15.0,1746.0,102074.0,248.0,90641.0
1455,Jerusalem,2021-02-01,1148.0,0.0,673.0,103222.0,248.0,91314.0
1456,Jerusalem,2021-02-02,998.0,1.0,663.0,104220.0,249.0,91977.0
1457,Jerusalem,2021-02-03,906.0,2.0,1540.0,105126.0,251.0,93517.0
1458,Jerusalem,2021-02-04,895.0,0.0,1449.0,106021.0,251.0,94966.0
1459,Jerusalem,2021-02-05,728.0,0.0,1104.0,106749.0,251.0,96070.0
1460,Jerusalem,2021-02-06,334.0,0.0,696.0,107083.0,251.0,96766.0
1461,Jerusalem,2021-02-07,592.0,1.0,1408.0,107675.0,252.0,98174.0
1462,Jerusalem,2021-02-08,990.0,0.0,549.0,108665.0,252.0,98723.0
1463,Jerusalem,2021-02-09,650.0,0.0,642.0,109315.0,252.0,99365.0
1464,Jerusalem,2021-02-10,611.0,0.0,1142.0,109926.0,252.0,100507.0
1465,Jerusalem,2021-02-11,547.0,2.0,1029.0,110473.0,254.0,101536.0
1466,Jerusalem,2021-02-12,499.0,2.0,829.0,110972.0,256.0,102365.0
1467,Jerusalem,2021-02-13,219.0,2.0,679.0,111191.0,258.0,103044.0
1468,Jerusalem,2021-02-14,391.0,0.0,1155.0,111582.0,258.0,104199.0
1469,Jerusalem,2021-02-15,614.0,0.0,468.0,112196.0,258.0,104667.0
1470,Jerusalem,2021-02-16,492.0,0.0,477.0,112688.0,258.0,105144.0
1471,Jerusalem,2021-02-17,357.0,0.0,968.0,113045.0,258.0,106112.0
1472,Jerusalem,2021-02-18,236.0,2.0,830.0,113281.0,260.0,106942.0
1473,Jerusalem,2021-02-19,360.0,0.0,651.0,113641.0,260.0,107593.0
1474,Jerusalem,2021-02-20,220.0,0.0,468.0,113861.0,260.0,108061.0
1475,Jerusalem,2021-02-21,434.0,1.0,773.0,114295.0,261.0,108834.0
1476,Jerusalem,2021-02-22,663.0,14.0,344.0,114958.0,275.0,109178.0
1477,Jerusalem,2021-02-23,634.0,17.0,323.0,115592.0,292.0,109501.0
1478,Jerusalem,2021-02-24,466.0,0.0,655.0,116058.0,292.0,110156.0
1479,Jerusalem,2021-02-25,459.0,1.0,550.0,116517.0,293.0,110706.0
1480,Jerusalem,2021-02-26,552.0,2.0,358.0,117069.0,295.0,111064.0
1481,Jerusalem,2021-02-27,232.0,5.0,226.0,117301.0,300.0,111290.0
1482,Jerusalem,2021-02-28,335.0,2.0,440.0,117636.0,302.0,111730.0
1483,Jerusalem,2021-03-01,436.0,0.0,300.0,118072.0,302.0,112030.0
1484,Jerusalem,2021-03-02,462.0,1.0,407.0,118534.0,303.0,112437.0
1485,Jerusalem,2021-03-03,550.0,2.0,620.0,119084.0,305.0,113057.0
1486,Jerusalem,2021-03-04,424.0,0.0,648.0,119508.0,305.0,113705.0
1487,Jerusalem,2021-03-05,340.0,0.0,442.0,119848.0,305.0,114147.0
1488,Jerusalem,2021-03-06,293.0,2.0,398.0,120141.0,307.0,114545.0
1489,Jerusalem,2021-03-07,315.0,0.0,609.0,120456.0,307.0,115154.0
1490,Jerusalem,2021-03-08,489.0,3.0,382.0,120945.0,310.0,115536.0
1491,Jerusalem,2021-03-09,360.0,1.0,341.0,121305.0,311.0,115877.0
1492,Jerusalem,2021-03-10,388.0,16.0,477.0,121693.0,327.0,116354.0
1493,Jerusalem,2021-03-11,279.0,2.0,580.0,121972.0,329.0,116934.0
1494,Jerusalem,2021-03-12,302.0,0.0,345.0,122274.0,329.0,117279.0
1495,Jerusalem,2021-03-13,110.0,0.0,383.0,122384.0,329.0,117662.0
1496,Jerusalem,2021-03-14,205.0,18.0,590.0,122589.0,347.0,118252.0
1497,Jerusalem,2021-03-15,245.0,0.0,317.0,122834.0,347.0,118569.0
1498,Jerusalem,2021-03-16,196.0,1.0,294.0,123030.0,348.0,118863.0
1499,Jerusalem,2021-03-17,218.0,0.0,460.0,123248.0,348.0,119323.0
1500,Jerusalem,2021-03-18,223.0,0.0,448.0,123471.0,348.0,119771.0
1501,Jerusalem,2021-03-19,114.0,0.0,276.0,123585.0,348.0,120047.0
1502,Jerusalem,2021-03-20,78.0,0.0,275.0,123663.0,348.0,120322.0
1503,Jerusalem,2021-03-21,80.0,0.0,405.0,123743.0,348.0,120727.0
