,estado,date,current_hospitalized_patients,current_intensive_care_patients
5886,Normandy,2020-03-18,45.0,4.0
5887,Normandy,2020-03-19,46.0,6.0
5888,Normandy,2020-03-20,71.0,13.0
5889,Normandy,2020-03-21,92.0,21.0
5890,Normandy,2020-03-22,118.0,25.0
5891,Normandy,2020-03-23,148.0,33.0
5892,Normandy,2020-03-24,170.0,40.0
5893,Normandy,2020-03-25,225.0,56.0
5894,Normandy,2020-03-26,273.0,75.0
5895,Normandy,2020-03-27,313.0,93.0
5896,Normandy,2020-03-28,385.0,111.0
5897,Normandy,2020-03-29,455.0,122.0
5898,Normandy,2020-03-30,479.0,137.0
5899,Normandy,2020-03-31,535.0,161.0
5900,Normandy,2020-04-01,563.0,164.0
5901,Normandy,2020-04-02,630.0,185.0
5902,Normandy,2020-04-03,650.0,197.0
5903,Normandy,2020-04-04,677.0,209.0
5904,Normandy,2020-04-05,710.0,217.0
5905,Normandy,2020-04-06,712.0,223.0
5906,Normandy,2020-04-07,713.0,225.0
5907,Normandy,2020-04-08,680.0,213.0
5908,Normandy,2020-04-09,697.0,212.0
5909,Normandy,2020-04-10,741.0,210.0
5910,Normandy,2020-04-11,726.0,202.0
5911,Normandy,2020-04-12,716.0,186.0
5912,Normandy,2020-04-13,713.0,189.0
5913,Normandy,2020-04-14,705.0,177.0
5914,Normandy,2020-04-15,686.0,167.0
5915,Normandy,2020-04-16,674.0,166.0
5916,Normandy,2020-04-17,660.0,152.0
5917,Normandy,2020-04-18,657.0,146.0
5918,Normandy,2020-04-19,666.0,149.0
5919,Normandy,2020-04-20,663.0,143.0
5920,Normandy,2020-04-21,650.0,137.0
5921,Normandy,2020-04-22,625.0,133.0
5922,Normandy,2020-04-23,614.0,131.0
5923,Normandy,2020-04-24,612.0,121.0
5924,Normandy,2020-04-25,615.0,116.0
5925,Normandy,2020-04-26,608.0,116.0
5926,Normandy,2020-04-27,601.0,112.0
5927,Normandy,2020-04-28,600.0,112.0
5928,Normandy,2020-04-29,582.0,98.0
5929,Normandy,2020-04-30,587.0,95.0
5930,Normandy,2020-05-01,575.0,90.0
5931,Normandy,2020-05-02,574.0,87.0
5932,Normandy,2020-05-03,575.0,86.0
5933,Normandy,2020-05-04,577.0,81.0
5934,Normandy,2020-05-05,578.0,78.0
5935,Normandy,2020-05-06,562.0,67.0
5936,Normandy,2020-05-07,553.0,60.0
5937,Normandy,2020-05-08,526.0,59.0
5938,Normandy,2020-05-09,529.0,58.0
5939,Normandy,2020-05-10,530.0,58.0
5940,Normandy,2020-05-11,530.0,52.0
5941,Normandy,2020-05-12,520.0,43.0
5942,Normandy,2020-05-13,511.0,43.0
5943,Normandy,2020-05-14,496.0,43.0
5944,Normandy,2020-05-15,483.0,41.0
5945,Normandy,2020-05-16,464.0,36.0
5946,Normandy,2020-05-17,470.0,36.0
5947,Normandy,2020-05-18,466.0,36.0
5948,Normandy,2020-05-19,464.0,35.0
5949,Normandy,2020-05-20,452.0,34.0
5950,Normandy,2020-05-21,436.0,31.0
5951,Normandy,2020-05-22,435.0,33.0
5952,Normandy,2020-05-23,429.0,31.0
5953,Normandy,2020-05-24,435.0,31.0
5954,Normandy,2020-05-25,433.0,27.0
5955,Normandy,2020-05-26,419.0,25.0
5956,Normandy,2020-05-27,377.0,22.0
5957,Normandy,2020-05-28,355.0,20.0
5958,Normandy,2020-05-29,339.0,19.0
5959,Normandy,2020-05-30,334.0,19.0
5960,Normandy,2020-05-31,334.0,20.0
5961,Normandy,2020-06-01,335.0,20.0
5962,Normandy,2020-06-02,329.0,21.0
5963,Normandy,2020-06-03,318.0,19.0
5964,Normandy,2020-06-04,310.0,19.0
5965,Normandy,2020-06-05,308.0,16.0
5966,Normandy,2020-06-06,306.0,14.0
5967,Normandy,2020-06-07,303.0,14.0
5968,Normandy,2020-06-08,301.0,14.0
5969,Normandy,2020-06-09,290.0,14.0
5970,Normandy,2020-06-10,285.0,14.0
5971,Normandy,2020-06-11,283.0,14.0
5972,Normandy,2020-06-12,274.0,13.0
5973,Normandy,2020-06-13,271.0,13.0
5974,Normandy,2020-06-14,270.0,13.0
5975,Normandy,2020-06-15,270.0,13.0
5976,Normandy,2020-06-16,272.0,13.0
5977,Normandy,2020-06-17,265.0,13.0
5978,Normandy,2020-06-18,258.0,13.0
5979,Normandy,2020-06-19,258.0,13.0
5980,Normandy,2020-06-20,251.0,13.0
5981,Normandy,2020-06-21,250.0,13.0
5982,Normandy,2020-06-22,245.0,10.0
5983,Normandy,2020-06-23,242.0,10.0
5984,Normandy,2020-06-24,238.0,10.0
5985,Normandy,2020-06-25,237.0,10.0
5986,Normandy,2020-06-26,233.0,8.0
5987,Normandy,2020-06-27,227.0,8.0
5988,Normandy,2020-06-28,225.0,8.0
5989,Normandy,2020-06-29,226.0,8.0
5990,Normandy,2020-06-30,220.0,7.0
5991,Normandy,2020-07-01,216.0,6.0
5992,Normandy,2020-07-02,221.0,7.0
5993,Normandy,2020-07-03,219.0,7.0
5994,Normandy,2020-07-04,217.0,7.0
5995,Normandy,2020-07-05,217.0,7.0
5996,Normandy,2020-07-06,214.0,7.0
5997,Normandy,2020-07-07,215.0,7.0
5998,Normandy,2020-07-08,211.0,8.0
5999,Normandy,2020-07-09,212.0,8.0
6000,Normandy,2020-07-10,212.0,8.0
6001,Normandy,2020-07-11,209.0,8.0
6002,Normandy,2020-07-12,209.0,7.0
6003,Normandy,2020-07-13,206.0,7.0
6004,Normandy,2020-07-14,204.0,7.0
6005,Normandy,2020-07-15,201.0,5.0
6006,Normandy,2020-07-16,193.0,5.0
6007,Normandy,2020-07-17,190.0,6.0
6008,Normandy,2020-07-18,190.0,7.0
6009,Normandy,2020-07-19,190.0,7.0
6010,Normandy,2020-07-20,189.0,7.0
6011,Normandy,2020-07-21,186.0,7.0
6012,Normandy,2020-07-22,186.0,7.0
6013,Normandy,2020-07-23,154.0,8.0
6014,Normandy,2020-07-24,149.0,7.0
6015,Normandy,2020-07-25,148.0,8.0
6016,Normandy,2020-07-26,148.0,8.0
6017,Normandy,2020-07-27,149.0,8.0
6018,Normandy,2020-07-28,147.0,7.0
6019,Normandy,2020-07-29,144.0,7.0
6020,Normandy,2020-07-30,141.0,7.0
6021,Normandy,2020-07-31,141.0,7.0
6022,Normandy,2020-08-01,141.0,7.0
6023,Normandy,2020-08-02,141.0,7.0
6024,Normandy,2020-08-03,136.0,5.0
6025,Normandy,2020-08-04,128.0,4.0
6026,Normandy,2020-08-05,124.0,4.0
6027,Normandy,2020-08-06,126.0,4.0
6028,Normandy,2020-08-07,126.0,4.0
6029,Normandy,2020-08-08,128.0,4.0
6030,Normandy,2020-08-09,128.0,4.0
6031,Normandy,2020-08-10,127.0,4.0
6032,Normandy,2020-08-11,130.0,5.0
6033,Normandy,2020-08-12,126.0,4.0
6034,Normandy,2020-08-13,109.0,4.0
6035,Normandy,2020-08-14,82.0,4.0
6036,Normandy,2020-08-15,86.0,4.0
6037,Normandy,2020-08-16,86.0,4.0
6038,Normandy,2020-08-17,86.0,4.0
6039,Normandy,2020-08-18,79.0,1.0
6040,Normandy,2020-08-19,77.0,1.0
6041,Normandy,2020-08-20,74.0,1.0
6042,Normandy,2020-08-21,75.0,1.0
6043,Normandy,2020-08-22,71.0,1.0
6044,Normandy,2020-08-23,71.0,1.0
6045,Normandy,2020-08-24,73.0,3.0
6046,Normandy,2020-08-25,69.0,2.0
6047,Normandy,2020-08-26,68.0,2.0
6048,Normandy,2020-08-27,66.0,2.0
6049,Normandy,2020-08-28,67.0,2.0
6050,Normandy,2020-08-29,68.0,2.0
6051,Normandy,2020-08-30,69.0,2.0
6052,Normandy,2020-08-31,68.0,2.0
6053,Normandy,2020-09-01,65.0,2.0
6054,Normandy,2020-09-02,61.0,2.0
6055,Normandy,2020-09-03,61.0,2.0
6056,Normandy,2020-09-04,63.0,2.0
6057,Normandy,2020-09-05,63.0,2.0
6058,Normandy,2020-09-06,63.0,2.0
6059,Normandy,2020-09-07,64.0,3.0
6060,Normandy,2020-09-08,75.0,7.0
6061,Normandy,2020-09-09,82.0,8.0
6062,Normandy,2020-09-10,94.0,12.0
6063,Normandy,2020-09-11,111.0,14.0
6064,Normandy,2020-09-12,115.0,14.0
6065,Normandy,2020-09-13,115.0,15.0
6066,Normandy,2020-09-14,118.0,14.0
6067,Normandy,2020-09-15,132.0,14.0
6068,Normandy,2020-09-16,140.0,15.0
6069,Normandy,2020-09-17,147.0,16.0
6070,Normandy,2020-09-18,161.0,20.0
6071,Normandy,2020-09-19,172.0,22.0
6072,Normandy,2020-09-20,173.0,23.0
6073,Normandy,2020-09-21,181.0,22.0
6074,Normandy,2020-09-22,196.0,27.0
6075,Normandy,2020-09-23,201.0,29.0
6076,Normandy,2020-09-24,208.0,31.0
6077,Normandy,2020-09-25,212.0,31.0
6078,Normandy,2020-09-26,218.0,33.0
6079,Normandy,2020-09-27,225.0,35.0
6080,Normandy,2020-09-28,239.0,37.0
6081,Normandy,2020-09-29,252.0,41.0
6082,Normandy,2020-09-30,251.0,43.0
6083,Normandy,2020-10-01,258.0,42.0
6084,Normandy,2020-10-02,257.0,48.0
6085,Normandy,2020-10-03,245.0,47.0
6086,Normandy,2020-10-04,255.0,53.0
6087,Normandy,2020-10-05,267.0,54.0
6088,Normandy,2020-10-06,261.0,51.0
6089,Normandy,2020-10-07,285.0,55.0
6090,Normandy,2020-10-08,302.0,62.0
6091,Normandy,2020-10-09,314.0,53.0
6092,Normandy,2020-10-10,321.0,56.0
6093,Normandy,2020-10-11,344.0,59.0
6094,Normandy,2020-10-12,365.0,61.0
6095,Normandy,2020-10-13,382.0,66.0
6096,Normandy,2020-10-14,406.0,63.0
6097,Normandy,2020-10-15,416.0,64.0
6098,Normandy,2020-10-16,437.0,63.0
6099,Normandy,2020-10-17,465.0,68.0
6100,Normandy,2020-10-18,486.0,70.0
6101,Normandy,2020-10-19,514.0,77.0
6102,Normandy,2020-10-20,529.0,82.0
6103,Normandy,2020-10-21,566.0,86.0
6104,Normandy,2020-10-22,599.0,80.0
6105,Normandy,2020-10-23,647.0,87.0
6106,Normandy,2020-10-24,661.0,87.0
6107,Normandy,2020-10-25,674.0,93.0
6108,Normandy,2020-10-26,726.0,101.0
6109,Normandy,2020-10-27,799.0,106.0
6110,Normandy,2020-10-28,853.0,107.0
6111,Normandy,2020-10-29,916.0,116.0
6112,Normandy,2020-10-30,947.0,134.0
6113,Normandy,2020-10-31,1004.0,133.0
6114,Normandy,2020-11-01,1060.0,127.0
6115,Normandy,2020-11-02,1097.0,133.0
6116,Normandy,2020-11-03,1151.0,137.0
6117,Normandy,2020-11-04,1196.0,147.0
6118,Normandy,2020-11-05,1229.0,152.0
6119,Normandy,2020-11-06,1255.0,154.0
6120,Normandy,2020-11-07,1257.0,158.0
6121,Normandy,2020-11-08,1290.0,166.0
6122,Normandy,2020-11-09,1342.0,171.0
6123,Normandy,2020-11-10,1352.0,168.0
6124,Normandy,2020-11-11,1379.0,172.0
6125,Normandy,2020-11-12,1386.0,173.0
6126,Normandy,2020-11-13,1406.0,167.0
6127,Normandy,2020-11-14,1373.0,165.0
6128,Normandy,2020-11-15,1438.0,161.0
6129,Normandy,2020-11-16,1426.0,159.0
6130,Normandy,2020-11-17,1405.0,160.0
6131,Normandy,2020-11-18,1408.0,158.0
6132,Normandy,2020-11-19,1397.0,155.0
6133,Normandy,2020-11-20,1385.0,152.0
6134,Normandy,2020-11-21,1336.0,152.0
6135,Normandy,2020-11-22,1346.0,151.0
6136,Normandy,2020-11-23,1369.0,148.0
6137,Normandy,2020-11-24,1351.0,144.0
6138,Normandy,2020-11-25,1310.0,132.0
6139,Normandy,2020-11-26,1305.0,128.0
6140,Normandy,2020-11-27,1297.0,121.0
6141,Normandy,2020-11-28,1266.0,113.0
6142,Normandy,2020-11-29,1271.0,111.0
6143,Normandy,2020-11-30,1229.0,114.0
6144,Normandy,2020-12-01,1214.0,113.0
6145,Normandy,2020-12-02,1186.0,104.0
6146,Normandy,2020-12-03,1169.0,100.0
6147,Normandy,2020-12-04,1150.0,95.0
6148,Normandy,2020-12-05,1157.0,96.0
6149,Normandy,2020-12-06,1145.0,98.0
6150,Normandy,2020-12-07,1154.0,93.0
6151,Normandy,2020-12-08,1150.0,80.0
6152,Normandy,2020-12-09,1123.0,84.0
6153,Normandy,2020-12-10,1071.0,79.0
6154,Normandy,2020-12-11,1044.0,84.0
6155,Normandy,2020-12-12,1040.0,87.0
6156,Normandy,2020-12-13,1043.0,85.0
6157,Normandy,2020-12-14,1052.0,84.0
6158,Normandy,2020-12-15,1048.0,79.0
6159,Normandy,2020-12-16,1066.0,79.0
6160,Normandy,2020-12-17,1089.0,79.0
6161,Normandy,2020-12-18,1099.0,82.0
6162,Normandy,2020-12-19,1116.0,86.0
6163,Normandy,2020-12-20,1132.0,91.0
6164,Normandy,2020-12-21,1142.0,87.0
6165,Normandy,2020-12-22,1128.0,89.0
6166,Normandy,2020-12-23,1146.0,90.0
6167,Normandy,2020-12-24,1116.0,85.0
6168,Normandy,2020-12-25,1110.0,84.0
6169,Normandy,2020-12-26,1114.0,84.0
6170,Normandy,2020-12-27,1126.0,89.0
6171,Normandy,2020-12-28,1136.0,89.0
6172,Normandy,2020-12-29,1123.0,90.0
6173,Normandy,2020-12-30,1062.0,91.0
6174,Normandy,2020-12-31,1074.0,90.0
6175,Normandy,2021-01-01,1071.0,88.0
6176,Normandy,2021-01-02,1072.0,90.0
6177,Normandy,2021-01-03,1098.0,96.0
6178,Normandy,2021-01-04,1127.0,93.0
6179,Normandy,2021-01-05,1154.0,97.0
6180,Normandy,2021-01-06,1165.0,97.0
6181,Normandy,2021-01-07,1205.0,98.0
6182,Normandy,2021-01-08,1204.0,105.0
6183,Normandy,2021-01-09,1235.0,108.0
6184,Normandy,2021-01-10,1245.0,105.0
6185,Normandy,2021-01-11,1283.0,103.0
6186,Normandy,2021-01-12,1273.0,99.0
6187,Normandy,2021-01-13,1289.0,102.0
6188,Normandy,2021-01-14,1302.0,100.0
6189,Normandy,2021-01-15,1302.0,99.0
6190,Normandy,2021-01-16,1276.0,97.0
6191,Normandy,2021-01-17,1283.0,98.0
6192,Normandy,2021-01-18,1277.0,103.0
6193,Normandy,2021-01-19,1233.0,96.0
6194,Normandy,2021-01-20,1281.0,92.0
6195,Normandy,2021-01-21,1311.0,86.0
6196,Normandy,2021-01-22,1292.0,86.0
6197,Normandy,2021-01-23,1292.0,85.0
6198,Normandy,2021-01-24,1312.0,89.0
6199,Normandy,2021-01-25,1324.0,97.0
6200,Normandy,2021-01-26,1359.0,103.0
6201,Normandy,2021-01-27,1371.0,107.0
6202,Normandy,2021-01-28,1349.0,115.0
6203,Normandy,2021-01-29,1358.0,117.0
6204,Normandy,2021-01-30,1350.0,115.0
6205,Normandy,2021-01-31,1374.0,116.0
6206,Normandy,2021-02-01,1385.0,118.0
6207,Normandy,2021-02-02,1397.0,113.0
6208,Normandy,2021-02-03,1367.0,119.0
6209,Normandy,2021-02-04,1359.0,126.0
6210,Normandy,2021-02-05,1365.0,126.0
6211,Normandy,2021-02-06,1357.0,129.0
6212,Normandy,2021-02-07,1362.0,127.0
6213,Normandy,2021-02-08,1361.0,133.0
6214,Normandy,2021-02-09,1330.0,130.0
6215,Normandy,2021-02-10,1309.0,128.0
6216,Normandy,2021-02-11,1271.0,126.0
6217,Normandy,2021-02-12,1259.0,127.0
6218,Normandy,2021-02-13,1283.0,127.0
6219,Normandy,2021-02-14,1281.0,128.0
6220,Normandy,2021-02-15,1279.0,141.0
6221,Normandy,2021-02-16,1283.0,135.0
6222,Normandy,2021-02-17,1267.0,136.0
6223,Normandy,2021-02-18,1275.0,135.0
6224,Normandy,2021-02-19,1262.0,135.0
6225,Normandy,2021-02-20,1249.0,136.0
6226,Normandy,2021-02-21,1249.0,131.0
6227,Normandy,2021-02-22,1244.0,124.0
6228,Normandy,2021-02-23,1248.0,128.0
6229,Normandy,2021-02-24,1247.0,126.0
6230,Normandy,2021-02-25,1244.0,120.0
6231,Normandy,2021-02-26,1210.0,118.0
6232,Normandy,2021-02-27,1199.0,121.0
6233,Normandy,2021-02-28,1221.0,121.0
6234,Normandy,2021-03-01,1231.0,123.0
6235,Normandy,2021-03-02,1219.0,126.0
6236,Normandy,2021-03-03,1219.0,124.0
6237,Normandy,2021-03-04,1215.0,131.0
6238,Normandy,2021-03-05,1223.0,140.0
6239,Normandy,2021-03-06,1212.0,140.0
6240,Normandy,2021-03-07,1219.0,143.0
6241,Normandy,2021-03-08,1213.0,138.0
6242,Normandy,2021-03-09,1219.0,142.0
6243,Normandy,2021-03-10,1236.0,141.0
6244,Normandy,2021-03-11,1245.0,151.0
6245,Normandy,2021-03-12,1263.0,157.0
6246,Normandy,2021-03-13,1258.0,158.0
6247,Normandy,2021-03-14,1278.0,168.0
6248,Normandy,2021-03-15,1284.0,164.0
6249,Normandy,2021-03-16,1298.0,167.0
6250,Normandy,2021-03-17,1247.0,161.0
6251,Normandy,2021-03-18,1240.0,172.0
6252,Normandy,2021-03-19,1238.0,168.0
6253,Normandy,2021-03-20,1264.0,159.0
6254,Normandy,2021-03-21,1292.0,163.0
6255,Normandy,2021-03-22,1307.0,169.0
6256,Normandy,2021-03-23,1354.0,166.0
6257,Normandy,2021-03-24,1393.0,171.0
6258,Normandy,2021-03-25,1400.0,173.0
6259,Normandy,2021-03-26,1390.0,176.0
6260,Normandy,2021-03-27,1374.0,184.0
6261,Normandy,2021-03-28,1393.0,182.0
6262,Normandy,2021-03-29,1418.0,186.0
6263,Normandy,2021-03-30,1435.0,187.0
6264,Normandy,2021-03-31,1468.0,185.0
6265,Normandy,2021-04-01,1485.0,186.0
6266,Normandy,2021-04-02,1500.0,198.0
6267,Normandy,2021-04-03,1493.0,195.0
6268,Normandy,2021-04-04,1516.0,198.0
6269,Normandy,2021-04-05,1540.0,201.0
6270,Normandy,2021-04-06,1583.0,214.0
6271,Normandy,2021-04-07,1624.0,215.0
6272,Normandy,2021-04-08,1580.0,212.0
6273,Normandy,2021-04-09,1561.0,224.0
6274,Normandy,2021-04-10,1560.0,226.0
6275,Normandy,2021-04-11,1589.0,226.0
6276,Normandy,2021-04-12,1588.0,233.0
6277,Normandy,2021-04-13,1601.0,230.0
6278,Normandy,2021-04-14,1572.0,224.0
6279,Normandy,2021-04-15,1515.0,220.0
6280,Normandy,2021-04-16,1529.0,228.0
6281,Normandy,2021-04-17,1502.0,220.0
6282,Normandy,2021-04-18,1538.0,219.0
6283,Normandy,2021-04-19,1516.0,226.0
6284,Normandy,2021-04-20,1543.0,225.0
6285,Normandy,2021-04-21,1544.0,225.0
6286,Normandy,2021-04-22,1509.0,230.0
6287,Normandy,2021-04-23,1496.0,234.0
6288,Normandy,2021-04-24,1498.0,230.0
6289,Normandy,2021-04-25,1507.0,226.0
6290,Normandy,2021-04-26,1527.0,233.0
6291,Normandy,2021-04-27,1481.0,236.0
6292,Normandy,2021-04-28,1452.0,232.0
6293,Normandy,2021-04-29,1437.0,224.0
6294,Normandy,2021-04-30,1438.0,222.0
6295,Normandy,2021-05-01,1457.0,221.0
6296,Normandy,2021-05-02,1459.0,220.0
6297,Normandy,2021-05-03,1467.0,221.0
6298,Normandy,2021-05-04,1452.0,208.0
6299,Normandy,2021-05-05,1424.0,196.0
6300,Normandy,2021-05-06,1392.0,191.0
6301,Normandy,2021-05-07,1360.0,181.0
6302,Normandy,2021-05-08,1333.0,178.0
6303,Normandy,2021-05-09,1322.0,176.0
6304,Normandy,2021-05-10,1325.0,179.0
6305,Normandy,2021-05-11,1309.0,180.0
6306,Normandy,2021-05-12,1289.0,182.0
6307,Normandy,2021-05-13,1271.0,185.0
6308,Normandy,2021-05-14,1272.0,186.0
6309,Normandy,2021-05-15,1270.0,177.0
6310,Normandy,2021-05-16,1275.0,177.0
6311,Normandy,2021-05-17,1267.0,181.0
6312,Normandy,2021-05-18,1247.0,177.0
6313,Normandy,2021-05-19,1199.0,170.0
6314,Normandy,2021-05-20,1150.0,169.0
6315,Normandy,2021-05-21,1134.0,162.0
6316,Normandy,2021-05-22,1109.0,157.0
6317,Normandy,2021-05-23,1118.0,157.0
6318,Normandy,2021-05-24,1116.0,158.0
6319,Normandy,2021-05-25,1107.0,161.0
6320,Normandy,2021-05-26,1077.0,157.0
6321,Normandy,2021-05-27,1080.0,143.0
6322,Normandy,2021-05-28,1067.0,139.0
6323,Normandy,2021-05-29,1057.0,142.0
6324,Normandy,2021-05-30,1052.0,142.0
6325,Normandy,2021-05-31,1037.0,140.0
6326,Normandy,2021-06-01,1016.0,144.0
6327,Normandy,2021-06-02,996.0,142.0
6328,Normandy,2021-06-03,971.0,139.0
6329,Normandy,2021-06-04,931.0,127.0
6330,Normandy,2021-06-05,913.0,127.0
6331,Normandy,2021-06-06,896.0,128.0
6332,Normandy,2021-06-07,895.0,126.0
6333,Normandy,2021-06-08,883.0,118.0
6334,Normandy,2021-06-09,868.0,115.0
6335,Normandy,2021-06-10,866.0,110.0
6336,Normandy,2021-06-11,857.0,105.0
6337,Normandy,2021-06-12,845.0,98.0
6338,Normandy,2021-06-13,838.0,97.0
6339,Normandy,2021-06-14,824.0,97.0
6340,Normandy,2021-06-15,795.0,93.0
6341,Normandy,2021-06-16,779.0,88.0
6342,Normandy,2021-06-17,753.0,85.0
6343,Normandy,2021-06-18,713.0,81.0
6344,Normandy,2021-06-19,700.0,79.0
6345,Normandy,2021-06-20,698.0,79.0
6346,Normandy,2021-06-21,705.0,81.0
6347,Normandy,2021-06-22,683.0,78.0
6348,Normandy,2021-06-23,656.0,73.0
6349,Normandy,2021-06-24,640.0,69.0
6350,Normandy,2021-06-25,622.0,69.0
6351,Normandy,2021-06-26,605.0,67.0
6352,Normandy,2021-06-27,601.0,66.0
6353,Normandy,2021-06-28,586.0,63.0
6354,Normandy,2021-06-29,542.0,57.0
6355,Normandy,2021-06-30,537.0,55.0
6356,Normandy,2021-07-01,492.0,50.0
6357,Normandy,2021-07-02,475.0,50.0
6358,Normandy,2021-07-03,471.0,48.0
6359,Normandy,2021-07-04,468.0,48.0
6360,Normandy,2021-07-05,474.0,49.0
6361,Normandy,2021-07-06,463.0,42.0
6362,Normandy,2021-07-07,459.0,41.0
6363,Normandy,2021-07-08,459.0,41.0
6364,Normandy,2021-07-09,462.0,43.0
6365,Normandy,2021-07-10,463.0,43.0
6366,Normandy,2021-07-11,462.0,42.0
6367,Normandy,2021-07-12,467.0,45.0
6368,Normandy,2021-07-13,468.0,45.0
6369,Normandy,2021-07-14,470.0,45.0
6370,Normandy,2021-07-15,468.0,45.0
6371,Normandy,2021-07-16,463.0,47.0
6372,Normandy,2021-07-17,458.0,47.0
6373,Normandy,2021-07-18,457.0,47.0
6374,Normandy,2021-07-19,461.0,45.0
6375,Normandy,2021-07-20,453.0,46.0
6376,Normandy,2021-07-21,453.0,45.0
6377,Normandy,2021-07-22,413.0,40.0
6378,Normandy,2021-07-23,414.0,40.0
6379,Normandy,2021-07-24,413.0,39.0
6380,Normandy,2021-07-25,413.0,39.0
6381,Normandy,2021-07-26,418.0,39.0
6382,Normandy,2021-07-27,406.0,41.0
6383,Normandy,2021-07-28,398.0,37.0
6384,Normandy,2021-07-29,382.0,37.0
6385,Normandy,2021-07-30,387.0,38.0
6386,Normandy,2021-07-31,399.0,42.0
6387,Normandy,2021-08-01,402.0,44.0
6388,Normandy,2021-08-02,415.0,47.0
6389,Normandy,2021-08-03,423.0,53.0
6390,Normandy,2021-08-04,419.0,52.0
6391,Normandy,2021-08-05,425.0,54.0
6392,Normandy,2021-08-06,402.0,55.0
6393,Normandy,2021-08-07,393.0,54.0
6394,Normandy,2021-08-08,374.0,46.0
6395,Normandy,2021-08-09,383.0,50.0
6396,Normandy,2021-08-10,390.0,53.0
6397,Normandy,2021-08-11,390.0,56.0
6398,Normandy,2021-08-12,390.0,57.0
6399,Normandy,2021-08-13,400.0,55.0
6400,Normandy,2021-08-14,396.0,54.0
6401,Normandy,2021-08-15,404.0,54.0
6402,Normandy,2021-08-16,412.0,57.0
6403,Normandy,2021-08-17,406.0,58.0
6404,Normandy,2021-08-18,415.0,61.0
6405,Normandy,2021-08-19,404.0,57.0
6406,Normandy,2021-08-20,402.0,56.0
6407,Normandy,2021-08-21,403.0,57.0
6408,Normandy,2021-08-22,415.0,57.0
6409,Normandy,2021-08-23,424.0,57.0
6410,Normandy,2021-08-24,434.0,63.0
6411,Normandy,2021-08-25,438.0,63.0
6412,Normandy,2021-08-26,434.0,63.0
6413,Normandy,2021-08-27,431.0,61.0
6414,Normandy,2021-08-28,428.0,63.0
6415,Normandy,2021-08-29,429.0,63.0
6416,Normandy,2021-08-30,432.0,66.0
6417,Normandy,2021-08-31,423.0,64.0
6418,Normandy,2021-09-01,429.0,64.0
6419,Normandy,2021-09-02,430.0,63.0
6420,Normandy,2021-09-03,432.0,64.0
6421,Normandy,2021-09-04,407.0,57.0
6422,Normandy,2021-09-05,404.0,55.0
6423,Normandy,2021-09-06,401.0,55.0
6424,Normandy,2021-09-07,398.0,57.0
6425,Normandy,2021-09-08,395.0,56.0
6426,Normandy,2021-09-09,389.0,56.0
6427,Normandy,2021-09-10,374.0,56.0
6428,Normandy,2021-09-11,380.0,55.0
6429,Normandy,2021-09-12,380.0,53.0
6430,Normandy,2021-09-13,389.0,53.0
6431,Normandy,2021-09-14,388.0,53.0
6432,Normandy,2021-09-15,385.0,55.0
6433,Normandy,2021-09-16,377.0,51.0
6434,Normandy,2021-09-17,372.0,46.0
6435,Normandy,2021-09-18,365.0,40.0
6436,Normandy,2021-09-19,362.0,39.0
6437,Normandy,2021-09-20,359.0,38.0
6438,Normandy,2021-09-21,352.0,34.0
6439,Normandy,2021-09-22,346.0,34.0
6440,Normandy,2021-09-23,350.0,35.0
6441,Normandy,2021-09-24,341.0,35.0
6442,Normandy,2021-09-25,334.0,36.0
6443,Normandy,2021-09-26,334.0,34.0
6444,Normandy,2021-09-27,333.0,33.0
6445,Normandy,2021-09-28,332.0,33.0
6446,Normandy,2021-09-29,329.0,32.0
6447,Normandy,2021-09-30,328.0,28.0
6448,Normandy,2021-10-01,324.0,27.0
6449,Normandy,2021-10-02,321.0,28.0
6450,Normandy,2021-10-03,319.0,28.0
6451,Normandy,2021-10-04,320.0,29.0
6452,Normandy,2021-10-05,309.0,29.0
6453,Normandy,2021-10-06,316.0,29.0
6454,Normandy,2021-10-07,318.0,28.0
6455,Normandy,2021-10-08,317.0,26.0
6456,Normandy,2021-10-09,317.0,25.0
6457,Normandy,2021-10-10,317.0,27.0
6458,Normandy,2021-10-11,320.0,28.0
6459,Normandy,2021-10-12,312.0,25.0
6460,Normandy,2021-10-13,308.0,25.0
6461,Normandy,2021-10-14,307.0,25.0
6462,Normandy,2021-10-15,304.0,23.0
6463,Normandy,2021-10-16,305.0,20.0
6464,Normandy,2021-10-17,307.0,21.0
6465,Normandy,2021-10-18,307.0,18.0
6466,Normandy,2021-10-19,299.0,18.0
6467,Normandy,2021-10-20,295.0,18.0
6468,Normandy,2021-10-21,299.0,19.0
6469,Normandy,2021-10-22,295.0,18.0
6470,Normandy,2021-10-23,271.0,19.0
6471,Normandy,2021-10-24,274.0,20.0
6472,Normandy,2021-10-25,284.0,20.0
6473,Normandy,2021-10-26,298.0,25.0
6474,Normandy,2021-10-27,304.0,25.0
6475,Normandy,2021-10-28,313.0,27.0
6476,Normandy,2021-10-29,314.0,29.0
6477,Normandy,2021-10-30,314.0,30.0
6478,Normandy,2021-10-31,320.0,30.0
6479,Normandy,2021-11-01,321.0,30.0
6480,Normandy,2021-11-02,315.0,32.0
6481,Normandy,2021-11-03,319.0,34.0
6482,Normandy,2021-11-04,319.0,34.0
6483,Normandy,2021-11-05,323.0,33.0
6484,Normandy,2021-11-06,325.0,33.0
6485,Normandy,2021-11-07,331.0,33.0
6486,Normandy,2021-11-08,341.0,37.0
6487,Normandy,2021-11-09,351.0,41.0
6488,Normandy,2021-11-10,347.0,42.0
6489,Normandy,2021-11-11,349.0,40.0
6490,Normandy,2021-11-12,349.0,39.0
6491,Normandy,2021-11-13,351.0,41.0
6492,Normandy,2021-11-14,359.0,41.0
6493,Normandy,2021-11-15,369.0,42.0
6494,Normandy,2021-11-16,371.0,45.0
6495,Normandy,2021-11-17,367.0,41.0
6496,Normandy,2021-11-18,381.0,45.0
6497,Normandy,2021-11-19,385.0,44.0
6498,Normandy,2021-11-20,386.0,45.0
6499,Normandy,2021-11-21,385.0,44.0
6500,Normandy,2021-11-22,389.0,49.0
6501,Normandy,2021-11-23,396.0,51.0
6502,Normandy,2021-11-24,405.0,52.0
6503,Normandy,2021-11-25,412.0,49.0
6504,Normandy,2021-11-26,412.0,51.0
6505,Normandy,2021-11-27,419.0,52.0
6506,Normandy,2021-11-28,420.0,51.0
6507,Normandy,2021-11-29,441.0,55.0
6508,Normandy,2021-11-30,451.0,58.0
6509,Normandy,2021-12-01,468.0,57.0
6510,Normandy,2021-12-02,481.0,58.0
6511,Normandy,2021-12-03,492.0,61.0
6512,Normandy,2021-12-04,494.0,60.0
6513,Normandy,2021-12-05,497.0,62.0
6514,Normandy,2021-12-06,511.0,68.0
6515,Normandy,2021-12-07,559.0,78.0
6516,Normandy,2021-12-08,568.0,78.0
6517,Normandy,2021-12-09,585.0,80.0
6518,Normandy,2021-12-10,597.0,88.0
6519,Normandy,2021-12-11,601.0,88.0
6520,Normandy,2021-12-12,601.0,87.0
6521,Normandy,2021-12-13,613.0,89.0
6522,Normandy,2021-12-14,629.0,87.0
6523,Normandy,2021-12-15,650.0,84.0
6524,Normandy,2021-12-16,657.0,85.0
6525,Normandy,2021-12-17,675.0,84.0
6526,Normandy,2021-12-18,677.0,83.0
6527,Normandy,2021-12-19,680.0,83.0
6528,Normandy,2021-12-20,685.0,79.0
6529,Normandy,2021-12-21,714.0,83.0
6530,Normandy,2021-12-22,716.0,80.0
6531,Normandy,2021-12-23,711.0,87.0
6532,Normandy,2021-12-24,699.0,85.0
6533,Normandy,2021-12-25,709.0,91.0
6534,Normandy,2021-12-26,716.0,93.0
6535,Normandy,2021-12-27,732.0,91.0
6536,Normandy,2021-12-28,743.0,101.0
6537,Normandy,2021-12-29,780.0,109.0
6538,Normandy,2021-12-30,816.0,115.0
6539,Normandy,2021-12-31,811.0,115.0
